,name,homepage,agreed_num,content
0,,,,"
有人说，知道香港游行的大陆人是极少数，我也好奇，是大陆人赞一下看看。我是大陆人。
"
1,,,,"
内地人不是不知道，只是他们过得比你们好，他们社会安定，生活稳定，看见你你哋香港咁乱，他们都不好说😷
"
2,,,,"
一邊抹黑打壓陸客、一邊又要陸客認可自己的價值觀、精神分裂嗎？香港的年輕人
"
3,,,,"
我是在欧洲工作的大陆人，在全资讯下生活，看的清清楚楚。不是大陆人不知道，而是大陆人没有兴趣知道，因为我们都工作，学习，旅游，实现自我价值ing。对比过去，现在我们实实在在幸福的生活摆在眼前，这就是进步。时代在改变，香港年轻人需要加油，不要被时代遗忘掉。
"
4,,,,"
你們要清楚一件事，大陸人口將近歐洲人口的二倍，屁大地方發生的事真當我們不知道？沒人關心而已。別老拿民主自由那一套說事，我怎麼看翻牆的大陸人都在罵你們而不是被你們的行動打動呢？怎麼沒有被你們“先進”的思想弄“清醒”呢？你們何來的優越感呢？
"
5,,,,"
香港人，别上班，别做事，就这样集会！暴力！别停，把香港砸了！砸烂点！我是内地人，我很自由，别操我们内地人的心了，努力争取你们的自由吧！
"
6,,,,"
张爱玲说，香港是偷来的繁荣，，不知有多少港人明白这句话，
"
7,,,,"
我在大陆，我每天吃好玩好睡好，父母都平安，出门也安全，我还有相爱的男友，还有一群朋友。希望不要影响到我们大陆人的生活。
"
8,,,,"
干得漂亮BBC，你再次成功的恶心到了我（慢拍手）
"
9,,,,"
这样的自由，真是让人叹为观止，哈哈
"
10,,,,"
真是服了，當時趕陸客走的是香港人，現在請求理解的也是香港人，真是諷刺
"
11,,,,"
希望香港废青们去看看，乌克兰被欧美忽悠之后的民主自由是什么样的
"
12,,,,"
大陆人对于香港发生的一切都知道，报纸都是公开报道了！！！能去香港的人会不知道？？？
"
13,,,,"
我估计这班后生仔连逃犯条例都没读过吧～
"
14,,,,"
我想那個說著自由的人應該來大陸真是的看一看，不要帶著刻板影響，真的瞭解一下大陸人是否有自由，瞭解一下中國的老百姓真正的生活，才去說自由。影片中的香港人總是覺得自己的自由是最先進的，可以先進是什麼，他們談的想的只是他們想象出來的，他們一點也不瞭解大陸
"
15,,,,"
我是大陆人，是看到大陆的新闻报道，才翻墙看，香港人你们完蛋了。
"
16,,,,"
哈哈，一百五十年前就接受西方的思想，西方的教育，就是不提西方的奴役
"
17,,,,"
香港也就是在回归前的半年，被英国临时更改了法律，给了所谓的自由(不用审批就可以随意示威游行并且是任何地点)，在此之前你游行个试试看？其心可诛
"
18,,,,"
能不扯吗，香港芝麻点大的地方，北京的事情我都没有经常关注何况你们，抖音上有香港的新闻好吗只不过关注的人不多而已。一群自以为是的sb黄尸
"
19,,,,"
我来看喜剧了，香港人真是天生的演员，再配上BBC的口碑，越看越过瘾，哈哈，越看越爱国了，很棒的爱国题材。香港废青继续加油，看好你们哦！！记得每天一更，吃瓜等戏看！
"
20,,,,"
看着这群人给香港“送终”。别了，曾经引领华人世界的香港。
"
21,,,,"
人家不是不知道，是不想理你而已。。。麻烦请你大声告诉我，修订逃犯条例怎么就成了送中条例，这是仅适用于中国的？原来的逃犯条例是不是可以叫送英条例? (不要是非不分，民主不是这么玩的吧）
"
22,,,,"
民主怎麼可能大过法治在闹下去香港就真的玩啦🤔
"
23,,,,"
国内完全不知道？上过几次热搜的。。还有，国内有翻墙的人是亿为单位的。。
"
24,,,,"
“你不要了解吗？你不要自由吗？”这句话看完我要笑喷了🤣
"
25,,,,"
YouTube一个叫火锅大王的美国人up主，因为报道香港32万人和平游行反对香港暴徒而被YouTube打了红叉❌，西方所有主流媒体都没有报道这件事，当然香港废青还在意淫西方给他们洗脑的民主自由，活在自己的梦中。
"
26,,,,"
我想说中国是世界最安全的地方啊~
"
27,,,,"
講真，內地知道的人太多了，全面了解、了解深度超過大部分抗議人士的大陸人數量也遠超抗議者人數，然後這些人中哪怕是有反華情緒的，對香港返送中及其後續各種行動，最溫和友善的評價是'痴線'！其餘的可以自己去想~
"
28,,,,"
笑死，西方的民主就是圣旨么？做人要有承担，干犯法就干去承担后果，结尾那位大姐，你以为你睡醒而已。
"
29,,,,"
这女的自己才是那个涣不醒的SB真的是醉了。。。我们在墙上的人看的清清楚。。哪里好坏。。不用多说。自己体会。。。。
"
30,,,,"
我知道啊，怎麼不知道。我們也很自由好嗎？你覺得我們被洗腦了，你們難道沒被洗腦嗎？一樣的好嗎
"
31,,,,"
香港人感觉被洗脑严重…
"
32,,,,"
我是大陆的，在欧洲工作，觉得你们这样搞很无聊，no zuo no die
"
33,,,,"
大陆游客看到这场面就会说一群蠢货😊
"
34,,,,"
你知不知道现在国内的人都在看香港的笑话阿，街头饭后都在讨论阿。
"
35,,,,"
BBC如此之片面報導，你就有新聞自由？
"
36,,,,"
这样的自由民主，真的笑了。你们的自由就是天天游行，你们的英国游行举着中国国旗你丢脸吗？
"
37,,,,"
大陆人比那些所谓的香港本土人更了解香港。所有，搞乱香港的恰恰是香港那些港独狗自己
"
38,,,,"
一边打砸政府部门，一边说自己不是暴民
一边殴打陆客，一边恳求陆客聊民主自由
我滚你妈逼的
"
39,,,,"
什么叫自由？可以随便说话就叫自由？护照可以免签160个国家就叫自由？限制自由的从来都只是钱而已，中国的富人从来没有因为护照导致不能出国，美国的穷人即使再自由也从没离开过美国。这只是简单的例子，民主和自由从来就不是是穷人所能拥有的东西。真正的自由是自己努力获得的，不是任何国家政府赋予的。
"
40,,,,"
我在中国…我很开心……
"
41,,,,"
这些游行的人认为大陆人都不知道这次事件被政府蒙在鼓里，到处发传单给去香港的大陆游客。其实，大陆人根本没兴趣知道，就算知道，也会觉得你们很弱智。
"
42,,,,"
你特麼有病，而且病的不輕，，，別人來購物就非要別人知道香港發生什麼事情？好笑不？賤不賤啊！
"
43,,,,"
跪久了的人，是站不起来的。
"
44,,,,"
哈哈一笑、看了现在的香港人，想成为洋人奴隶的思想很严重，敬佩敬佩
"
45,,,,"
我现在已经不做国泰，不转飞香港。我希望他们继续闹下去，把香港彻彻底底的闹垮掉。然后香港彻底从亚洲的经济布局中消失掉。
"
46,,,,"
我理解片中那個對政府有敬畏之心得小伙子了，他懂我門中國人尊嚴是共產黨用血肉和奮鬥獲得的。謝謝你，中國共產黨。
"
47,,,,"
感觉像一群猴子 果然是一国两智 改天组团去香港看游行
"
48,,,,"
真正务实的香港人是不会参与的
"
49,,,,"
真正的自由，是可以通过自己的努力实现梦想，完成自己的目标，而不是骂政府或者领导，你骂了还是住铁笼子。大陆人只要努力都可以实现理想，香港人再游行再闹也改变不了香港是一个巨大的资本压迫的社会，这才是真正的自由。
"
50,,,,"
我爱我的国家，我不是共产党员，但我非常感谢共产党给予我们安定繁荣的生活环境。
"
51,,,,"
放屁！香港年轻人越来越被人利用！我对香港的一切动乱都清清楚楚！
"
52,,,,"
原本就沒有自由的人，怎麼會知道自由的可貴
"
53,,,,"
傻子吧！主播
"
54,,,,"
西方列强，没一个好东西。我希望在有生之年看到一个伟大的中华帝国！！！
"
55,,,,"
香港人要自由，要民主...
拴狗绳刚刚放掉，你的主人在和大陆打贸易战呢，在阻止大陆发展呢，担心中国超越他们呢～你们还在追逐所谓的西方文化...
在我们眼里，你们只是孩子，不乖了，要打屁屁...
"
56,,,,"
所以这些人和骂大陆蝗虫，号称港独是同一批人吗😃
"
57,,,,"
bbc全称可以改为bibi China了！
"
58,,,,"
当天我在现场问他们送中的具体内容是什么，如何执行，各种奇葩回答，说言论自由，政府恶法。拜托，连内容都不知道，你们打底是为谁游行？
"
59,,,,"
刚刚你还在唱着蝗虫歌嫌弃着大陆人，转眼来谈互相理解？我只能说大陆人没有那么贱，因为小学课本就学过东郭先生和狼的故事
"
60,,,,"
讲个笑话俾大家听，香港有法制，台湾有民主！噗嗤………
"
61,,,,"
我觉得我很自由，我每天工作实现自己的价值，生活更好，做自己想做的，我没兴趣知道香港各种乱动，但是我相信中国越来越好，带领香港也会越来越好。我为什么一定知道些与我身边无关的事？
"
62,,,,"
我大陆人，游行是宪法赋予你的权利，我支持，但是你游行抹黑毁坏区旗和举英国国旗就说不过去了吧，这样一搞性质就变了，内政一旦让外国势力插手就复杂了，大家都是有目的性的，而且外国目的性是什么大家应该清楚
"
63,,,,"
内地人很多都是知道的。支持维护自己的权利，但不要忘了自己的义务。打砸立法院是藐视法制，这个是现代年轻人（我也是）应该要知道的，希望这件事情快点结束！
"
64,,,,"
煞笔香港人！坚决支持一个中国原则！坚决反对暴动！
"
65,,,,"
你是中国人吗， 我是海外的华人，我天天看香港的乱象，暴徒 在欺压政府，用粗口骂警察如果你在欧洲 或者美国，你一定被那里的警察击毙的！象你想象的暴力的民主，西方社会是绝对是不允许的，你们就象德国的纳粹分子！
"
66,,,,"
为香港有这么一群年轻人感到惋惜，以后的香港是靠他们的，但是我不知道香港会成什么样，我真心希望香港的年轻人来大陆看看，走走，我们大陆的很多年轻人时怎么努力，怎么让社会进步的，大陆现在可以说是年轻一代撑起半边天，很多新兴产业都是一些80.90.后的人创造的，真心奉劝香港的年轻人，不要带偏见的看大陆，大陆也已经不是以前的那个大陆，不要被西方媒体代偏，他们就是希望看到我们四分五裂，历史一直是这样，有前车之鉴，中华民族伟大复兴不是只靠大陆，也是需要香港以及其他华人共同努力，希望对大陆有看法的朋友，来大陆看看，走走，去新疆看看，西藏也走走，那里的风景会让你忘记西方媒体的一面之词，~来自一个大陆的年轻人。
"
67,,,,"
香港人就像井底之蛙，他们不愿意了解大陆的过去，一味的坚持西方留给他们的表象价值，也不愿意了解大陆的现在大多数人的想法，绝得我们都假睡，这句话本身就是自己的偏见和对大陆的歧视贬低。香港之所以70/80年代复兴，不是因为他们有多厉害，还是因为luck幸运，他们在中国大陆旁边，而且即将回归，他们成了国际经济、政治战略上的中国大陆的一个窗口。大陆同时提供他们很多投资发展的机会，也把他们当作通往西方的窗口。
"
68,,,,"
对不起 笑的我眼泪都出来了
"
69,,,,"
一看发布者是bbc，就基本知道这视频内容是个什么样的假货。假装客观，然后通过剪辑素材、各种偏颇的采访，来实现目的。假的一笔的机构
"
70,,,,"
香港人中了西方民主的毒，正在乱港 害港而不自知，可叹啊。
中国一天一天好起来，西方人急了，利用港人破坏中国发展。
"
71,,,,"
對政府要有敬畏之心🤣政府是大自然嗎
"
72,,,,"
身为bbc，自己国家这些天的游行也报道一下呗。
"
73,,,,"
我是内地的，我反对送中，但是拿砖头，砸警察暴力袭警，有点说不过去吧！那些戴口罩帽子遮的，你倒是露个脸呀！
"
74,,,,"
就算全香港人出来游行，就算连林郑乃至香港政府都企埋你地呢边。都冇用！因为香港就只系中国既一个城市系得冇讨价还价。到时搞到由中央政府直接管治。你地埋仲头痕！醒下啦懵仔们
"
75,,,,"
民主自由好像已经变味了！好像邪教！
"
76,,,,"
香港的假民主，禍害年軽人，不要連累大陸人！
"
77,,,,"
那条中年港燦🐶真是优越感爆棚呢，接受了150年的西方思想西方教育一副头翘得比天高的样子，当狗當得这么自豪也是没谁了
"
78,,,,"
那些香港人游行的样子，像极了菜虚鲲，一群DD罢了，给力嗷铁汁
"
79,,,,"
继续嗷，继续砸，你们别上学，别上班，开心最重要!看看英国爹会不会给点吃的给你们!
"
80,,,,"
If these people continue to do that, Hong Kong will have no future.
"
81,,,,"
我是大陆人。在我眼里香港从来都是一个怪胎。不背靠大陆，怎么会有一个渔村的繁荣？时代变迁，该是什么的还是什么，搞不清自己是谁带来的就是无尽的痛苦。醒醒吧。
"
82,,,,"
我只能说这就是自由与不自由的区别，一党专政你游行给谁看？你连世界上发生了什么都不知道，你还有什么自由可言？不是不想，而是上下几千年都是骨子里的奴性，压迫。
"
83,,,,"
从一开始就是鄙视中国司法 还要内地人支持？给我感觉就是 虽然我看不起你但是你要理解我支持我，
"
84,,,,"
尊重你们表达意见的权利，我也有保留自己意见的权利，但谴责一切暴力的行为！人多，就容易被煽动，不要以为法不责众，你们正在亲手毁掉自己生活的家园~
"
85,,,,"
国内封闭不知道???不好意思 微博热搜都是你们  港灿的嘴脸被国人知道的一清二楚呢  等着被记名单吧一天天的学也不上搞七搞八
"
86,,,,"
又要内地人支持，又用反送中这个词？香港不是中国的一部分吗？还一下香港人，一下中国人，就好像香港人是外国人似的。
"
87,,,,"
英国那场暴乱大家还记得吗 现在年轻人都想整些惊天动地的事 老了才明白给谁当枪使
"
88,,,,"
居然在youtube上看到煽动暴力，支持恐怖主义的“news""  好恐怖。
"
89,,,,"
国内很多人都知道香港的事啊，不过大陆舆情几乎一边倒支持警察吧，觉得香港的年轻人被西方给利用了
"
90,,,,"
我们很清楚发生了什么，眼里看着都有暴力发生，条例我们看来没任何问题，而且我们有生活有工作，并不想理你们的无理取闹。
"
91,,,,"
BBC就是美帝打中國的發聲筒之一。
中國人什麼時候不自由？自由是要在法律規定下的自由才是真自由，佔據馬路妨礙別人行的自由.購物的自由.營業的自由，還口口聲聲說在爭自由，不是垃圾是什麼？
"
92,,,,"
打了一大段文字，最后觉得说了也白说。算了，港儿港孙们，继续闹吧。。。。只是告诉你们，世界发展从来不走重复的路，享受过高潮的爽就要承担之后的没落，哼，安心的去吧！
"
93,,,,"
我是大陆人啊，我支持你们追求自由啊！继续作妖啊！加油啊！我在家吃瓜看你们追求自由~
"
94,,,,"
真的以为不了解吗。。我就国内的呀
"
95,,,,"
一个香港而已  早已经是落后的地方了  还不知道努力
"
96,,,,"
这些发言者条例认真读过吗  除了喊空话干话还有什么？
"
97,,,,"
采访中，有几个小伙子还是清醒的，另外的自以为是清醒的。
"
98,,,,"
It's really funny the lady keeps talking about Mainlanders not knowing what's going on in Hong Kong. But does she know what is going on in Mainland? Even just Shenzhen, a hugely successful city right next to Hong Kong? Why those Mainlanders couldn't afford a trip to HK 30 years ago? But now they are shopping everywhere, HK, Tokyo, Seoul, Sydney, Paris and the list goes on? What happened in Mainland to result in such a huge advancement in life? I bet she has NO idea. I can tell her why nobody is taking a pamphlet from her, because winners do NOT take advice from losers.
"
99,,,,"
香港的理論比七個獨裁者強得多 GO!
香港的理論比七個獨裁者強得多 GO!
香港的理論比七個獨裁者強得多 GO!
香港的理論比七個獨裁者強得多 GO!
"
100,,,,"
就视频中扣高帽的那点上纲上线的小技巧，大陆在50年前文革时候就玩腻了，现在是就算知道也就是看热闹，不会真去关注的。
"
101,,,,"
其实到底谁在假睡呢，我看其实是部分香港人吧
"
102,,,,"
我其实挺好奇，为啥他们当年不和英国派遣的香港总督寥寥自由，哦，对了，那时香港不允许游行示威。。。
"
103,,,,"
请你们和大陆人一起热爱自己的国家，抛掉手里的港英旗帜，一起让国家变得更好，并肩一起改造它。
"
104,,,,"
其实内地很多人都在关注香港，但是大家都知道，香港的暴乱令人心寒。如果还在香港辩论民主自由是否要在法律之下，估计不被打也会用粗口淹没。所以去香港的大陆人都不愿意讨论香港问题。
"
105,,,,"
别洗了，我看到的只有暴力，无视政府无视法纪，政府不尊重你们至少给你谈话的空间，而不是镇压！要我说你们要自由就暴动，那我们不想你自由可不可以暴动你呢？
"
106,,,,"
坐监，系香港年轻人唯一的出路！
"
107,,,,"
我是大陆人，为什么我就知道呢？自由，自由是建立在合法前提下的，我看不出香港那群人哪里自由了
"
108,,,,"
别给欧美当枪使了
"
109,,,,"
港獨蛆吃屎撲街啦！
"
110,,,,"
我就不明白了，在大陆我靠自己的努力工作赚钱，家庭和睦，父母安康，我生活的方方面面哪里有涉及到言论不自由的地方？
"
111,,,,"
BBC的每一篇报道政治立场明确——逢中必反中。我只是一个看热闹的人，英国记者需要这么干混口饭吃我理解，但是我看到引渡条约已经停止了，然而暴力游行示威还在继续，这些人不是真正爱香港，而且香港一定会毁在这一批人手里
"
112,,,,"
那些那么反中的香港人不过因为失去了过去高高在上的优越感而已，三十年前牛的不得了，一个城市鸡滴屁占内地四分之一，现在连深圳都抛下他们往前冲了，自以为自己的制度优越过内地，觉得内地拍马也赶不上，却不想接连被内地超越，结果转头来发现被自己看不起穷亲戚给超过了，气不气？当然气死了，怎么办想追上又不想努力，但是我可以挥舞自由的大棒拖你后腿啊，这样你被我拖住跑不动，我也可以继续懒着不努力！
"
113,,,,"
香港仔们，推荐你们看一本书，《the crowd，a study of popular mind》
"
114,,,,"
很好。我是大陆人，我支持香港人为内地人宣传民主思想，但是你们有这个能力那没问题。我看好你们加油
"
115,,,,"
请中共尽快用武装解放香港，以平息这些暴动。
"
116,,,,"
梅超疯在说假话！
"
117,,,,"
為啥不露臉啊？藏頭露尾的鼠輩。滾犢子吧！
"
118,,,,"
自由不是你想干什么就干什么，而是你有权利选择不做什么，不是每一个人都有能力做好任何事情，别让自由和散漫毁了香港
"
119,,,,"
咩叫接受甘样噶生活？我系大陆人，但系我觉得我噶生活安居乐业，你地搞甘多野，系咪自己搞到自己水深火热？感觉越了解香港发生紧乜事，我就越爱国。系追求人权噶时候，系咪应该以爱国为原则？一个连自己个根都唔知噶人，何来谈人权民主自由。我地尊重政府，亦都感激政府为我地带来安稳繁荣，你地追求所谓噶民主到底系咩，我觉得你地无人可以具体讲得清楚，再继续做呢d野，伤害噶都系香港.你地身在福中不知福.
"
120,,,,"
谁说不知道，一群香港废材
"
121,,,,"
我想问一下，香港人自己说他们经历了150年的西方思想，但是这150年来，英国统治期间，英国任意一届首相香港人投过一张票没，港督这么多届，香港人投过一张票没？现在开始讲民主了？？？
"
122,,,,"
冲击立法会是一件好事，我醉了
"
123,,,,"
看到視頻裡面那個 年青人說「對政府要有敬畏之心」
就知道大陸是甚麼樣的洗腦教育-.-
"
124,,,,"
真正不了解信息的 是香港人 不是大陆人
"
125,,,,"
2:00这男子，建议你多到大陆看看，封建，开放，西方教育，西方思想，你的思想是不是还停留在30年前？
"
126,,,,"
香港很多人有被迫害妄想症
"
127,,,,"
喷字的给多少钱！录视频的主持人给多少钱！难道你自己不知道吗
"
128,,,,"
幸好内地媒体封锁，否则真不知道内地老百姓怎么看待香港，他们意识不到香港人是多么瞧不起内地的一切，多么有优越感。如果完全媒体自由报道，恐怕香港和内地民众会极端对立，这对香港可不是好事。香港的最大问题是房价太高和贫富差距，为何一直用所谓民主、自由来掩饰社会问题？
"
129,,,,"
曾经的思维开放香港人，如今竟成井底之蛙。我地大陆人咩都知，你地香港人太自以为是了。
"
130,,,,"
如果中國採取民主制度將會發展停滯，中國人口多少自己去查！不要談什麼人權，都是騙自己的，生活安定才是最重要
"
131,,,,"
听说很多外国公司说应为担忧中央的操纵而对香港金融政治的自由地位失去信心，要撤出香港。


是的，他们的公司和资金从香港撤出后会被他们转到上海，北京，广州，深圳等地，那些受中央直接管治的地方。想想都可笑。
"
132,,,,"
看到那么多人屌你BBC我就安心了
"
133,,,,"
装睡的人是叫不醒的，就跟井底之蛙一样！
"
134,,,,"
说只是为了金钱的，真是崇高啊。香港人眼里更是金钱至上
"
135,,,,"
香港的暴力事件，事实上是严重阻碍了中国民主的进程，同六四异曲同工之“妙”。
"
136,,,,"
香港人，就这样集会！暴力！别停，把香港砸砸烂点！我是内地人，我很自由，别操我们内地人的心了
"
137,,,,"
尽管造谣抹黑，我就当你在放屁！
"
138,,,,"
鸡同鸭讲
"
139,,,,"
BBC这个扭曲的报道.........，有敬畏之心还使用 暴力行为.........。看到想吐！自由是相对的。
"
140,,,,"
看见那个香港人追着喊，你不要自由吗？
我特么那么自由，你叫我反中，当我索嗨咩
"
141,,,,"
吾好用自己的無知去騎劫人地選擇生活方式的自由
"
142,,,,"
原来香港有这么多逃犯，以后还是少去的好，虽然香港人本来就不欢迎········
"
143,,,,"
对政府有敬畏之心，有现在的政府才有现在的生活。
这个逻辑，这个年龄，在这个地方接受采访，讲这样的话。为他感到难过
香港繁荣的基石:自由与法制
"
144,,,,"
说你麻痹
"
145,,,,"
强烈建议给香港人绝对的自由，让犯罪充满香港社会。
"
146,,,,"
见到咁我就放心了
"
147,,,,"
你話要思考和open mind，你們真有做到？你話要了解世界，中國作為世界一部分，你是否真正了解過？
"
148,,,,"
不是政府对百姓有敬畏之心吗？主人要对公仆有敬畏之心？
"
149,,,,"
又沒有要剝奪你的自由。難道你香港人到外地犯罪可以逃回香港不必送回受害人的地方受審？世界文明哪有這樣自我獨尊的？
"
150,,,,"
Hong Kong need freedom of speech. But the fact is they can’t do that under China ruling
"
151,,,,"
把大陆的人员全撤了，把军队全撤到边界，让香港人随便游行，把大陆边界保护好就行了，军舰封锁在海上，断掉食物淡水
"
152,,,,"
在BBC中文网讲自由？？
"
153,,,,"
睡着的人你是唤不醒的  他假睡嘛
"
154,,,,"
别有用心的媒体，神经过敏的港民！
"
155,,,,"
香港黑衣服人假睡，最好继续睡……
"
156,,,,"
故意采访一群蠢货，双方都是
"
157,,,,"
我们很自由啊，你哪不自由了？就是他妈闲的
"
158,,,,"
知道的大陆人表示未来几年不会考虑去香港，也不建议身边的朋友和家人去，还香港一个安静 😂
"
159,,,,"
讓他們鬧吧，反正香港已經連深圳都比不上了，等變成敘利亞那樣，就讓他用他們的自由民主買飯吃，到最後香港倒下，都變成難民，然後他的英國美國都不讓他們入境，就知道什麼好了。
"
160,,,,"
内地的能不能组织一下去香港屠城三日，把国土夺回来？
"
161,,,,"
我们是中国人民
"
162,,,,"
港人冶港，治不好可以求救！
"
163,,,,"
2:53 


其实绝大部分香港人的祖辈都是为了逃离共产党统治而来到当时的英属香港...
"
164,,,,"
从欣赏角度看影片制作不错（用心了）！但内容过于失水准，请个人满口胡诌、信口开河说得真理跟面团捏的样，有点民主过头了呵。
"
165,,,,"
香港各位是想過殖民地時代的自由嗎？選舉投票？港人治港？哈哈哈哈哈哈哈哈哈 港獨台獨合流加油哦 我們等戲看 沈迷政治的新世代 未來跟大陸青年競爭如何集會與衝擊政府？？
"
166,,,,"
你这所谓的自由是当英国走狗的自由吧！
"
167,,,,"
对政府要有敬畏之心啊……威武~~~给青天大老爷跪了
"
168,,,,"
哈哈，想回到殖民地时期的自由吗
"
169,,,,"
死的是无知的学生，策划早跑了
"
170,,,,"
我看到了最抑制的警察，和最无法无天的暴徒
"
171,,,,"
军情 六处，C I A亚洲最大分部都在香港，核心利益
"
172,,,,"
香港人自以為高人一等，西方等於優秀嗎？伱們追求民主自由，你們現正沒有自由嗎？英殖時代就真正沒有自由，沒有選舉權，不要騙自己了，你們是中國人，應該自豪，而不是要去做西方的奴隸！
"
173,,,,"
""對政府要有敬畏之心?????????"" 痴能綫, 應該是反過來, 是政府要對人民有敬畏之心!!!!!!!!!!!!!!!
"
174,,,,"
你首先要知道这个大陆人的背景：如果这个人是既得利益的家属，又没有正义感，很可能会反着说； 或者是被洗脑的，则会不理解，甚至产生误解...;等等不一而足
"
175,,,,"
我不愿意强制别人的意愿，客观的说，如果觉得不好，可以有你自己的方式去改变，如果你有足够了解你的责任
"
176,,,,"
香港加油💪
"
177,,,,"
我这边做外贸的同事都说不知道。不接触外部世界的就更不知道了
"
178,,,,"
这个人是搞笑来的吧  对政府敬畏？？？！
"
179,,,,"
去问问房地产商你们有没有自由
"
180,,,,"
你们慢慢玩，千万别停下来，国内在进步，你们慢慢就会成为广东省香港市啦，从二十年前占中国GDP20%,到现在占2-3%，哈哈哈， 真是一个了不起的距离，香港红卫兵，加油！！
"
181,,,,"
吃饱了撑的 BBC你好恶心
"
182,,,,"
別人都不理你，港獨蛆吃屎啦
"
183,,,,"
对政府敬畏，这种心态意识已经根植于心了，以至于那个年轻人脱口而出，说明中共的教育对他们来说是起作用了
"
184,,,,"
今天的香港暴民和共产党是半斤八两，都不招人喜欢！
"
185,,,,"
和平？hhh立法会都被攻陷了
"
186,,,,"
越关注越觉得他们可笑。呵呵呵呵呵。
"
187,,,,"
片面追求自由多可怕！，现在你们暂时自由了，让别人看到的就是一片混乱，香港的安宁和法制，前途和未来没了！
"
188,,,,"
你是谁，不取决于你身上流着什么神奇的血液、你出生在什么神奇的地方，而是取决于你的内心——你想成为谁
"
189,,,,"
知道不代表都支持
"
190,,,,"
我们想等人均gdp五万美元以上的时候再聊
"
191,,,,"
bbc是游行赞助商吗
"
192,,,,"
内地人表示墙内很自由 隔离伪民主 一心学习 工作 健身 努力 奋斗
"
193,,,,"
我不愿意做沉默的大多数，但是我却无能为力，内心真的好痛苦，好沮丧
"
194,,,,"
2:35  对政府要有敬畏之心,  有了现在的政府才有了你现在的生活. ......................
"
195,,,,"
新闻联播有播。 喜欢政治的都知道香港有帮傻屌不信任政府闹事
"
196,,,,"
他们不敢发声啊，回去之后还要生活的
"
197,,,,"
政府对人民才应该有敬畏之心，那个年轻人被洗脑了，认为一切都是政府给的。所以民智未开的社会，你跟他讲自由民主，等于对牛弹琴
"
198,,,,"
反送港，大陆人杀香港人，回大陆无罪。大陆人，加油，人权万岁，自由民主万岁。
"
199,,,,"
笑看一群技校混混，廢物翻墻對香港進行顱內鎮壓獻忠
"
200,,,,"
英国占领时香港没有自由，现在有了自由！《逃犯条例》反对的人都没看过！
"
201,,,,"
哦哦，原来冲击政府制造对立就是香港所谓的自由
"
202,,,,"
我聊你妈勒批
"
203,,,,"
香港人自豪于上个世纪的繁荣，他们需要的不是自由，而是往日那种高高在上的感觉。90年代后大陆迅速崛起，大陆人每一天都感受着身边翻天覆地的变化，香港却因为种种原因止步不前，两边的差距越来越小，因此他们茫然了，他们搜肠刮肚发现他们能与大陆所比较的只剩下这点所谓的“自由”了，所以就用这种可笑的方式强调自己还是那个高高在上的香港。
"
204,,,,"
外国人就滚呗
"
205,,,,"
我觉得就是高中生的作业不够多！大学生也是！
"
206,,,,"
你口中所谓的自由，是建立在破坏人家的自由之上啊，扑街。为了三餐的警察就是因为你口中所谓的自由失去了自己的手指，所谓的人道主义难道就是你赖斯不走不移民，为了自己的民主信念砍掉人家手指？
"
207,,,,"
香港属于🇨🇳、台湾属于🇨🇳
全世界都认为这样。😄
"
208,,,,"
政府應該尊重人民的聲音
敬畏個什麼東西啊？！
當上位者是皇帝？？？
"
209,,,,"
先不说支持还是反对，信息都被屏蔽本身就已经很可悲了。
"
210,,,,"
我是大陆人，我希望政府武力镇压，出兵香港，这些人完全就是疯子！
"
211,,,,"
有几个港人知道和清楚送中条例的真正内容？
"
212,,,,"
其实香港人并不了解大陆的体质，因为存在隔阂，香港人主要受到西方文化影响，接触的电视、日报、新闻，尤其是网络媒体的片面影响比较严重，西方国家一直都是敌对和扭曲大陆，如果你们有机会来大陆，看到的绝对不是你们所了解到的！香港人很自由，但你们活得很累！
"
213,,,,"
我觉得香港人民对自由的定义可能就是可以自由地骂政府，自由地冲击立法会，自由地公开游行反对政府行为等。
"
214,,,,"
游客讲国语被围殴https://m.youtube.com/watch?v=qht5-ArZroE&t=168s
"
215,,,,"
港獨大部分是流著越南雜種的血
"
216,,,,"
说的好像自由民主的纽约客不交房租一样
"
217,,,,"
闹好了 闹到最后么 香港只会很糟糕
"
218,,,,"
nothern Ireland. BBC why not give them freedom? The Irish people in Northern Ireland don’t belong to u. Why do u refuse to talk to them about the freedom?
"
219,,,,"
大陆人不是不知道 只是大家都在努力的工作 学习 生活~  只是对这种瞎闹没兴趣啊
"
220,,,,"
这人普通话很好啊 应该查一查她是不是和内地有没有什么关联！坚决打压虚伪暴恐分子
"
221,,,,"
一群脑残，想起了60年代向政府夺权的红卫兵
"
222,,,,"
以前向往的西方的民主，看完香港。。。宁可不要！
"
223,,,,"
五毛可以上班了
"
224,,,,"
辛苦了人民警察，希望香港政府取消香港所有学生福利
"
225,,,,"
大陆用户用油管是要翻墙的 大陆人很少知道这边的事情
"
226,,,,"
虽然对这些别有用心的人很气额 打了很多字还是删了 不想多费口舌 让那些别有用心的人在BBC下面狂欢吧
"
227,,,,"
现在你又说让大陆人帮帮忙。原来大陆人买点奶粉你们都刁难。那是你们良心在哪里。
"
228,,,,"
真实情况是大陆很多人不知道，能获得的消息都是通过大陆媒体获得
"
229,,,,"
在闹闹  看看一国两制会不会提前结束！
"
230,,,,"
感觉好像傻逼，回归那么久还那么傻。
"
231,,,,"
我支持香港人民讲自由。但请注意，你们的自由是回归之后才有的哦，殖民地的时候英国是怎么对你们的，该好好读读历史。
"
232,,,,"
聊自由可以，独立不行
"
233,,,,"
其实很多大陆人看你们就好像大陆人看文革一样。
"
234,,,,"
追求你妈的逼！！！！
"
235,,,,"
不是麻木！知道了会更讨厌香港！香港人！为了不让全国人民因香港一部分人而讨厌整个香港人！你们在做什么你们知道吗？想过后果吗？
"
236,,,,"
佢地这样打砸攻击警察的暴力行为，放在欧美都不容许啊。
"
237,,,,"
BBC常规性偏见播放，看到这么多人骂你们我就放心了
"
238,,,,"
对政府要有敬畏之心？奴才做的真好！
"
239,,,,"
自由，民主，却要“ 排华暴乱”。 假的民主自由，是放屁！
"
240,,,,"
我相信在大街上游行的都是打工仔跟学生，都是一些被领导者，人的格局决定了你的行为！
"
241,,,,"
hongkong挺住，加油
"
242,,,,"
大部分港人把个人的不幸都归结到了自由上，难道不是自己的无能和懒惰么？
"
243,,,,"
我刚从香港回来，咋没采访我，让我好好说说
"
244,,,,"
你所谓的自由是什么呢？
"
245,,,,"
我是大陆的广东的，我知道，但我觉得你们被带走了
"
246,,,,"
為了黑而黑——BBC
"
247,,,,"
这不是恶心的BBC么！fake news
"
248,,,,"
对政府要有敬畏之心？说什么呢？对不尊重人民的政府也要有敬畏之心吗？奴性十足！
"
249,,,,"
有些人跪久了 腿酸了 需要扶一下
"
250,,,,"
爸爸希望你快点用生命献祭你的自由！
"
251,,,,"
其實在專制下的大陸百姓也是很可憐的, 不要因為他們不敢發聲反共就看低他們, 同是中國人要互相尊重
"
252,,,,"
香港🇭🇰人真的是井底之蛙，国内的人都知道🇭🇰发生咩野事！你地视野开阔D啦！？你地自己思考一下啦！国内发生咩野变化？你地知唔知啊？西方国家美国民主有这么好？好的话他们就唔会发动战争，利比亚、伊拉克、阿富汗，哩D国家就是系比所谓的民主国家给破坏的。讲民主，有无比哩D国家机会啊？讲民主，依架有没比哩D比你破坏的国家的人民带来幸福和平的生活啊？香港哩班废青简直比文革还文革，唔通你地唔记得嗮？
"
253,,,,"
我真搞不明白，要是全方位报道了，那大陆人民一声吼估计是要一国一制了！
"
254,,,,"
吃屎啦 英国媒体
"
255,,,,"
中国政府对動亂份子這樣強硬是对的、你看今天的暴徒
"
256,,,,"
一群脑子坏掉的人
"
257,,,,"
用生命换取自由？我都不知道大多数港人哪不自由，不是大陆人麻木，推倒重新来过是需要牺牲几代人的代价，说这种话的时候有没有想过那些上街色年轻他们的未来，有时间每个人壮大自己你的香港才会更好！
"
258,,,,"
这个报道故意找了一些说的不太好的建制派上来说说，当然有舆论导向了，坏家伙。
"
259,,,,"
看到BBC下面的评论就放心了，这群跳梁小丑真搞笑
"
260,,,,"
闹腾吧 别把自己玩完儿了哈
"
261,,,,"
重要的是 大陸的牆很厚：）
"
262,,,,"
低智的人以为自己被英国管治100年就成为文明人，香港今天的动乱内地人早在文革和89见识过。
"
263,,,,"
民主？自由？建议香港的废柴们移民去世界上最民主的国家—印度！你们资讯那么发达，阿拉伯之春的后果不知道吗？
"
264,,,,"
我在是民主国家的华裔~很想告诉你们的假民主让我感到恶心，因为你们的民主含义根本就是不切实际的！
你们所想要的民主是让社会都民心惶惶，无法无天！以虚伪民主的名誉来打造根本不是一个安宁的环境，所以请别侮辱性的借用民主两字来实行你们的自私的心态与行为！民主是大家都认同一个事物，而不是一小部分人想要强制性的强迫他人去认同他们所人为的事物！你们那些人简直是自由过头，吃饱没事干。蠢
"
265,,,,"
你们无非是活在西方的话语权底下
"
266,,,,"
元朗的乡亲组成了一只反黑除暴撑警正义大搜捕小队，港独台独假记者都得挨藤条，别让我看到你们这些暴徒
"
267,,,,"
那個說要對政府有敬畏之心的言論的人真的很讓人心寒，政府的權力理應是由人民所賜的，政府跟市民理應是要互相尊重的，在他眼裡的這應該不是政府... 是""共朝""才對吧...
"
268,,,,"
不是说了嘛 墙是两面的，谁在墙里面还不知道呢 SB
"
269,,,,"
来来，解说说的很好听。来，让北爱说说自己的看法，让美利坚联盟国说说自己的看法
"
270,,,,"
这种自由   还不如封建王朝 资本家只会把普通民众压榨的更狠
"
271,,,,"
没脑子的港独废青
"
272,,,,"
自由了你就能买的起100米的房子了？你们是平民；自由应该是富豪考虑的事情；凭什么你们来游行他们坐享其成
"
273,,,,"
聊尼玛呢？一等洋人，二等官，三等少数，四等汉！我聊你妈卖批！我倒想聊聊我们汉族人权在哪里？天天比比叨叨，新疆西藏台湾香港！这些享受着特权的地方！你会聊你🐴呢
"
274,,,,"
事情发展到现在再回头看这个视频，有点讽刺
"
275,,,,"
video里那个香港女人本身就有问题
"
276,,,,"
谁管你们啊，你们闹归你们闹，我们还能借机发笔横财。只要大局稳定，小地方的一点小打小闹起不了大风浪。这几天差不多就结束吧，YouTube都懒的给我推送了。
"
277,,,,"
可以让大陆和香港进行一场辩论，探讨一下什么叫做“民主自由”
"
278,,,,"
你特码，咒骂我们殴打我们侮辱我们，贵国这叫恳求！
"
279,,,,"
就是吃饱了撑的。
"
280,,,,"
真的是搞笑，都没读过逃犯条例修订，瞎起什么混？？乱港者，就是这些自以为明白民主的脑残粉。
"
281,,,,"
民主与专制各有长短，请都尊重。非要拿来对比。只能问所在体制下生活的绝大数民众的想法与看法，而不是以己之立场而非议彼。
"
282,,,,"
你的班人一齊出街，人多，但是各自為政！一會看不起自己係中國人，一會又想人地認同，有些人總是破壞社會秩序，想點呀！
"
283,,,,"
做左150年狗，终于有一日企起身做人，唔习惯。
"
284,,,,"
送注了这么久,就是一群P民暴动
"
285,,,,"
可拉到吧
"
286,,,,"
BBC,你做个人吧！
"
287,,,,"
看到和我一样二十多岁的香港同胞 是这样子智障 我觉得自己还有点优秀呢 ヾﾉ≧∀≦)o
"
288,,,,"
太自由了 就是整天整夜 没日没夜 每天每夜 的乱！！！傻瓜才追求！傻瓜才要 十年文革 重演！！！
"
289,,,,"
我希望他们建国。 然后武统
"
290,,,,"
我觉得呢，那位戴眼镜的先生说得不错，而那位说普通话的女士说话似乎带有攻击性。
"
291,,,,"
敬畏政府⋯⋯這兩個字還會出現在2019年的年代⋯⋯平行時空欸
"
292,,,,"
我一直都知道香港发生什么，但是现在麻木了，是对香港麻木了。我只能说香港人格局越来越小。
"
293,,,,"
就是一帮西方国家留下的一群二等公民还有东南亚后裔在搞事情
"
294,,,,"
bbc整天bb(China)，fake news😉
"
295,,,,"
我生活在大陆，我觉得自己很自由，我也从没感觉政府剥夺了我的人权
"
296,,,,"
你哋对住镜头讲普通话嘎时候有无唸过其实走出香港岛，我哋都一样，因为都来自同一个地方，裹个地方就系：中国🇨🇳
"
297,,,,"
接受西方的教育还是接受西方的统治你清醒点囖
"
298,,,,"
我系大陆人，你条片，搞笑啦
"
299,,,,"
乜鬼BBC現場訪問吖，一睇就知有哂劇本嘅洗腦片嚟㗎啦，都係嗰句：騙徙嘅手法真係層出不窮。
"
300,,,,"
为香港送终，拜拜
"
301,,,,"
香港人想诉求 支持。
想游行，支持
相反对政府 支持
但是把港英旗挂在立法院 是真恶心
"
302,,,,"
香港人就系自由到癫佐
"
303,,,,"
所谓的民主就是西方的外来物种，渐渐蚕食当地的法制撕裂社会毁灭经济。
"
304,,,,"
打警察，卖国，装逼，甘做西方人狗。港毒真偶自由啊。如果在“自由”的美国早就毙了。
"
305,,,,"
考虑你个mmp 考虑怎么偷渡你英美爹那边去吧
"
306,,,,"
不要把你们恶心傻屌思想影响脏了别人
"
307,,,,"
讲你啊🐴，煞笔
"
308,,,,"
不好意思，不太想了解，但是最近youtb一直在推，被动了解了下，在我看来，你们活该
"
309,,,,"
香港人正在作死，国家对它太宽容了，枉谈自由，作为一个中国人我很自豪！
"
310,,,,"
我是重慶的，無意間用到vpn。然後就看油管視頻，以前感覺國外很好，很嚮往。現在可能不會想出去旅遊，或者羡慕國外了。國家也是用心良苦。一個國家的説大陸怎麼怎麼不行，現在中國政府沒有限制國家旅遊，也就是想出國很容易的，這三十年的變化我是體驗過來的，幾歲的時候都沒電，很窮的。我估計説中國不好的可能也最多認識三十年前的中國。沒有限制的的自由得全亂了。能把政府衝擊倒臺就自由了？就是讓你們港獨分子做領導就是獨立了，不用幾年又得被其他人推翻。tmd得世世代代亂下去，因為沒有任何東西可以限制你們的自由了。在中國我是工薪階級，沒有高收入壓力也大。不過看油管視頻挺減壓的，至少中國大環境乾淨，我想香港是國內罪犯的最後天堂吧，那些人我知道很多很多錢。有錢就可以營銷，就像搶購商品一樣。商人想盡辦法讓人搶購，政府想辦法平靜購物滿足需求。所以逃犯條例讓那些很有錢的齷齪人沒路可走。花錢營銷理念，有人買賬，還都是受過高等教育的，呵呵。我初中畢業沒需要組織能力，將就看吧，對了怕有人不認識簡體字，特意用繁體字，真累。
"
311,,,,"
这女声太扯淡了，从头扯到尾
"
312,,,,"
试看一些自诩自由公正的媒体，现在的风向就是报道对立，裂痕，冲突，正如某人所说的：“冇色情暴力，鬼睇你咩！”
"
313,,,,"
没有暴政只有废青和愚蠢还有西方的虚伪和凶险
"
314,,,,"
人不追求自由，如同家畜。香港加油！
"
315,,,,"
香港人脑子有毛病
"
316,,,,"
在英国,你们会被警察打破头
"
317,,,,"
什么叫只有极少数人知道？新闻天天报，以为香港有多了不起，有脸说自由，真觉得他们很恶心
"
318,,,,"
尊重英美吧！大陆对香港my没有兴趣
"
319,,,,"
你说的恳求是指一群人当街围住陆客暴打吗？
"
320,,,,"
？？？脑子是个好东西，我希望这些人都有
"
321,,,,"
支持苏格兰和北爱尔兰独立
"
322,,,,"
香港版文革啊亲哈哈哈哈哈
"
323,,,,"
其实很多大陆人知道了。改变不了什么。香港稳住。
"
324,,,,"
我都服了，上油土鳖看课程，鸡巴的一天到晚给老子推送这种东西，捏妈嘞个鳖的
"
325,,,,"
愤青是要不得的
"
326,,,,"
支持香港
"
327,,,,"
BBC， CNN 从来不报道 香港人支持经常反对暴力游行。 我是大陆人 。 我都知道 但是 BBC CNN 都不知道？ 为什么呢？ what a hypocracy!
"
328,,,,"
不想了解送中条例就是不要自由，笑死我了
"
329,,,,"
我是大陆人，香港一定要挺住
"
330,,,,"
人是貪得無厭的，想要民主自由的人就是想為所欲為而不必須負上責任。
"
331,,,,"
掰掰手腕兒，別整天打嘴炮。對你們的克制你們要感恩。
"
332,,,,"
香港的百姓倒霉了  这么个破制度  。 独裁肯定是不好的   但泛民主的极端言论只会制造对立，最终会发展成为因为一小部分人谋私的动乱  。
"
333,,,,"
大陆人真的不care香港有没有自由，别妨碍购物就行，现在反水客。。。，香港人要自由所以不给购物喽
"
334,,,,"
看了留言感觉现在的情况就像笼外鸟想告诉笼内鸟外面的世界有多美好，但有些笼内鸟却认为笼内是最好的，有些更大骂笼外鸟精神有问题，或是给其他野鸟教坏了。
无论如何，请多聆听、多了解、多尊重。
"
335,,,,"
要到病发了，才会有药治疗  才会将病灶一锅端
"
336,,,,"
你争取这个那个的，可能最后现有的都归零。要争取权利要看看时机和大环境，索要东西是很现实的，要机智，大陆人学会了柔性，每天要一点，这里要一点那里改进一点，西方思维比较直接，直爽的思维用在东方不实际
"
337,,,,"
不是，大陆人可以支持自由，但是绝不支持港独台独！
"
338,,,,"
聊你妹的自由，香港人洗洗睡了
"
339,,,,"
其实游行的口号反了，应该是“没有暴政，只有暴力”
大多数大陆人对这次暴乱的看法是：使劲闹，关我吊事
"
340,,,,"
港式民主，不知所谓
"
341,,,,"
作为一个信仰共产主义的大陆人来说 何为自由，难道不是在国家法律下，做自己想做的事吗？难道是我被洗脑了不懂得你西方所定义的自由？
"
342,,,,"
在港英时代你们追求过自由嘛
"
343,,,,"
屌毛还没长齐还谈什么自由？
"
344,,,,"
港府放弃送中条例了，所以现在示威的诉求是啥？
"
345,,,,"
加油啊 港儿们！！你们的英国爹在为你们加油呢！
"
346,,,,"
从第一天示威游行就知道了， ·  可能唔知，每日吃饭公司噶人都系度讲HK · · · 啦，坏噶只是不过系一小部分人“有人系度浑水摸鱼”，希望善良清醒噶香港市民唔好比带偏，香港加油，中国加油
"
347,,,,"
来内地看看，中央有没有报道这个事，再来内地看看网友怒火积攒了多长时间了，你们要感谢党中央保护了你们，不要以为去香港购物的那么点人就觉得人挺多的，就是多稀罕你们香港是的，大部分人有几个瞧得起香港的，说你们是香港同胞，那是因为香港还有那么多的爱国人士，他们是真正的同胞，血浓于水，祖上都是一条根的。
"
348,,,,"
不是敬畏之心   是奴性太重
"
349,,,,"
逼逼稀果然很能逼逼
"
350,,,,"
瞎扯淡的
"
351,,,,"
So, colonization is freedom???
"
352,,,,"
支持中央政府接管香港
"
353,,,,"
港英政府支持过民主，支持过自由吗？ 港英时期香港人有投票权?
"
354,,,,"
香港人真的需要与时俱进了，大陆人真的没时间关注这个小地方，感觉你们除了无知就是可笑，还把思想停留在几十年前那种优越感
"
355,,,,"
暴民为了追求民主自由去打砸最高立法机构
"
356,,,,"
可笑愚昧的香港人，还求着你们的英国爹呢，看来一国两制都是对你们太好了，直接让你们进入社会主义社会才更加有意义，哪里的优越感
"
357,,,,"
你们的自由就是打砸抢烧吗？
"
358,,,,"
人民不應害怕政府，政府應該害怕人民

p.s 各位沒必要跟他們爭論，裝睡的人是沒法叫醒的。
"
359,,,,"
香港加油
"
360,,,,"
已经变味了
"
361,,,,"
能不能出息一点大陆人，都别去香港购物，旅游，让他们自己玩儿呗，一个港口城市一个旅游城市，袭击游客，呵呵呵
"
362,,,,"
香港人出街的人可能都不知道发生了什么
"
363,,,,"
凭良心讲，我知道你们想说什么，可是我真的只是个看戏的啊
"
364,,,,"
我们大陆人没有反抗吗 反抗有用吗 我们反抗的时候你们香港人知道吗？
"
365,,,,"
我就覺得張維為教授的話特別正確，中國大陸的防火牆以前是為了防止中國大陸政權被西方顛覆，其實現在大陸能翻牆的年輕人翻牆後真的發現牆外某些人真的就像猴子一樣可笑，他們看著這些譁眾取寵，偶爾逗逗猴子，如果大陸取消防火牆，這些台獨港獨會首當其衝
"
366,,,,"
太逗了，我身邊的人都知道這件的啊，什麼麻木啊，搞笑。我門生活的很好，感謝政府給我們穩定生活學習的環境，我們真的懶得搭理你們，我們很忙，為了創造更美好未來生活。假睡，你們告訴了一個民粹主義是如何拖政府後退，看看殖民過你們的英國，一個脫歐公投鬧劇，搞得政府焦頭爛額。醒醒吧，香港某些人。聽你們講的真的很天真，自由天天掛在嘴邊。
"
367,,,,"
其实，最根本最根本的问题是一个国家两种种制的矛盾，大陆人大部分不理解香港发生的事，他们也并不自动积极参加国家的制度建设当中，所以稳定，也可能是习惯了，以前试过了，六四那次，要唤醒要好大代价的，会令社会动荡，会令某些势力利用，，好不容易发展的经济回到三十年前，相当一部分的人不愿意的，包括百姓。
"
368,,,,"
為自由衝擊政府行政機構的行為在英國是否合法？
"
369,,,,"
反送中，是為了自由？你是犯罪分子嗎？送中是送嫌犯，你到底要的是什麼？
"
370,,,,"
我没有为祖国做过什么贡献，但现在看到你们的行为，我至少可以骄傲地说我没拖祖国的后腿。
"
371,,,,"
为何要有敬畏之心
"
372,,,,"
犯得着假惺惺的跟这问吗，字眼里满是瞧不起的意思。
"
373,,,,"
建议大家多去澳门旅游，那里的人友善、自信。
"
374,,,,"
我自由的一批。。。。
"
375,,,,"
一帮蠢货
"
376,,,,"
bbc，哔哔操！
"
377,,,,"
好他妈一群煞笔hhhhhh 😂😂😂😂
"
378,,,,"
不是假睡，只是目標不同；假愛國真賺錢，務求跟官移民。
"
379,,,,"
作为大陆人知道香港发生的事情~
"
380,,,,"
西式狗吠“自游！皿煮”
"
381,,,,"
自由是什么东西？天天去街闹？对天大喊，我要自由！吃饱撑着，为什么周末去？周一到周五去吧，天大理由，跟老板说，不用上班了🤗
"
382,,,,"
由于大陆宣传根深蒂固，一时半会儿很难引起同理心，需要耐心，总之加油，一定要有个结果，不然等着被报复
"
383,,,,"
当然知道，一群暴民，看得越多越觉得可笑
"
384,,,,"
中国被西方欺负了200多年，这是一场东西方的斗争，如果没有中共，西方会继续欺负东方，继续殖民统治，李光耀说过人人平等都是扯淡！不论是香港人、还是台湾人！只要是华人，我们就加油吧！作为大陆的年轻人，我想说的就是我们先最好自己吧！尽量不给政府添麻烦，多为社会做贡献！
"
385,,,,"
你们管好自己就好了，谢谢。
"
386,,,,"
我是大陆人，我支持香港。
"
387,,,,"
从来没有过自由的人不知何为自由
"
388,,,,"
加油，香港人
"
389,,,,"
继续继续，香港加油。闹到海枯石烂，闹到地老天荒。自由到底是什么，香港人谁能给解释一下？自我感觉良好的香港人，不能高人一等就要闹一下。
"
390,,,,"
我们都知道香港发生了什么事，只是香港人不明白什么是真正的自由。
"
391,,,,"
不是不知道这件事情，而是反感和厌恶香港人自以为不是中国人，因此想博得同情是不可能的。香港最多是广东省的一个市，别搞错了哦。
"
392,,,,"
那个人说，每个人都有每个人的看法，接着就说 你对政府要有敬畏之心

既然每个人都可以有想法，为什么不能同意他们做他们的
"
393,,,,"
这群傻子香港人 你能推翻一个国家吗 回家老老实实上班 而且大陆老板姓过的很好
"
394,,,,"
嘛你妈
"
395,,,,"
支持香港，作为一个大陆人。香港加油
"
396,,,,"
这些人并不了解大陆的生活，自以为正确，自以为睿智、超前，学到了西方人的傲慢，却忘记了中国人的务实，只是像无头苍蝇一样乱撞，做不了任何有意义的事情，到最后只是浪费了自己的光阴。毁掉的是香港的名誉和未来，对大陆不会有丝毫影响。
"
397,,,,"
敬畏之心，真可悲！
"
398,,,,"
不是为了金钱，是为了千秋万代，造福子孙，所以大一统具有积极的意义，这个道理很难懂吗
"
399,,,,"
自由就是暴亂，就是爆炸
"
400,,,,"
不是不知道，只是觉得你们在瞎闹！
"
401,,,,"
武斗，香港是不行的。
"
402,,,,"
2:31一 定 要 有 敬 畏 之 心（确信）
"
403,,,,"
为什么已经麻木？你来你也麻木。
"
404,,,,"
一个前身是殖民地的人来谈民主自由？
"
405,,,,"
早就知你帮七头出黎搞事了。
"
406,,,,"
那是我们有更重要的事情要做，我们要发展经济，西方的自由也是建立在健全的法制基础之上的。
"
407,,,,"
港人：你知道什麼是自由嗎？
陸客：不聽🙉！不聽🙉！王八🐢念經！
"
408,,,,"
鸡巴毛
"
409,,,,"
假睡的人永远唤不醒💤
"
410,,,,"
英国这种狗逼媒体，昧著良心说话，小心被雷劈死
"
411,,,,"
香港同胞对于罪犯天堂这个称呼有那么大的执念么？
"
412,,,,"
他們怎麼可能會明白！一直都在自我審查的人，同意極權統治的社會下成長，他們可反問，我們為什麼要對抗政府呢！你們太多自由了！
"
413,,,,"
我是广东人 当地政府有不作为应该提出问题进行整改 但是你们在模糊概念 并且完全是为反而反 反送中你们反的什么 实际上做的是什么
"
414,,,,"
民主不是民粹，不是用暴力来冲击法治
"
415,,,,"
讲的什么都是歪道理 ？？什么西方教育 什么大陆没自由 牛头不对马嘴
"
416,,,,"
日不落的旗子已经褪色了，请勿指手画脚。
"
417,,,,"
雙方完全是雞同鴨講。
"
418,,,,"
就是想当亡国奴 想被英国殖民 想亡国亡种 滚到英国去 看英国收不收留你们
"
419,,,,"
美国佬给了你多少钱
"
420,,,,"
大陆有新闻呀··关于香港的···
"
421,,,,"
唔犯法 ，送去边都唔关你事。
"
422,,,,"
好奇怪就是香港人以为大陆人不了解香港，但我觉得香港人才真他妈的不了解大陆，外国一直再讲六四，但没有想到六四才是大陆进步的开始！
"
423,,,,"
不是全部人都是這樣的
"
424,,,,"
BBC(China) News
"
425,,,,"
香港人压力太大。扭曲的心，需要释放，一群弱智！
"
426,,,,"
开头讲话的人，不该深思一下，为什么自己会一本正经地胡说八道呢，一番话把自己放在了思想至高点，说别人麻木，一无所知，也挺可笑的
"
427,,,,"
自由砸本港立法会！
自由用砖头砸警察！
不要港人治港！
要港独治港！_cf_
"
428,,,,"
反“送中”主要是怕自己犯政治、宗教类犯罪吧，反对它的同时又保护了多少杀人犯、经济犯呢，最后一些人带着头盔面具（懦夫）把旗子抹黑、砸烂立法会，给香港民主“送终”，让人看到很多西方定义的民主制度中负能量的一面。
"
429,,,,"
咪傻啦~你估大陆仲係80年代咩~~我哋係大陆好幸福，同樣好自由~~日日學習新事物~得閑就出去旅遊~~香港係慘啲嘅~~咁落後~~想去都懶
"
430,,,,"
你不过也是那些带着偏见的外国人中的一个
"
431,,,,"
谁限制你自由了，闲的！
"
432,,,,"
2:05所以他们根本不理解香港人为什么要这么做，而我们香港人也不知道他们为什么能接受这样的生活。。楼下的，这个和钱、经济，没关联的。
"
433,,,,"
哪里有自由哪里就是家
"
434,,,,"
继续跳~香港乱成什么样，都和我们没关系
"
435,,,,"
井底之蛙，全世界都知道，但是不想鳥你
"
436,,,,"
想问一下送中条例到底和香港的人权有什么关系？就算签了条约 最终谁送谁不送难道不是香港政府决定的吗？
"
437,,,,"
大陆民众最关注的是自己的切身利益，对自由民主这类谁都可以享受的权利没多少人关心。
"
438,,,,"
香港杂种继续闹不要停，我就看看你们这么装逼瞧不起你大陆爹是什么下场，等到深圳高科技继续进步，上海把金融中心的地位完全拿走，我看看你香港还剩什么，抱着你们的自由吃土去吧，每天上街骂骂共产党你们就能过上好生活辣，嘻嘻。
"
439,,,,"
哈哈，大妈唔想理你咋嘛，咩唔知道啊。
大佬，大陆封闭左七八十年？
我记得2010年之前网络连墙都无。
唔好乱讲好无，我高中就睇过大纪元了。
边个无自由？系被困在呢片小岛嘅你地而已。
你地生活唔好，唔好话埋大陆人都生活得唔好。
大把大陆人生活得好过你地，所以人地先无意见。
唔好为金钱而放弃自由？应该为你口中所谓的自由而日日暴动，人心惶恐？
"
440,,,,"
港独就是英狗的后代。不愿意就滚回英国去
"
441,,,,"
不要只说好听的，带来的相关恶果就和你们无关吗？
"
442,,,,"
我是大陆人，我也很赞同香港大陆青年之间，甚至台湾大陆青年之间，能坐下来，展开一些理性的对谈。其实，我很理解台湾、香港青年人对民主和自由的珍视。我们大陆的年轻人，起码我周围的年轻人，很早就翻墙，并出国生活的同龄人，同你们一样，也渴望民主和自由，因为我们从根本上，由衷希望我们的社会能变得更好。但是，请问香港和台湾同胞们，是否 “民主自由的社会”就一定等于“好的社会”？当然不是，我可以给你举出很多人民享有“民主自由”但仍过着饥馑生活的实例。如果我们真到连茶叶蛋都吃不起的地步，我首先想的一定是怎么能吃饱饭，而不是能否访问Facebook。也就是说，“经济发展”的重要性，尤其在一个社会整体经济水平比较低的时候，是优先于“民主自由”的。我想在这一基本观点上，我们还是能达成共识的。

而大陆，其实就处于经济水平较低的这个状态。也许你们看到的是大陆GDP全球第二，但是当你考虑到大陆14亿人口的基数时，大陆人均的GDP只有8000美金左右每年，更何况，由于大陆目前的贫富差距问题，地区发展不均衡问题，导致很多中西部地区的人均收入甚至更低。我真得很希望你们能有机会来大陆的中西部小城市以及农村看一看，而不是仅仅是北京上海广州这些大城市，相信你们能更明白我所说的。在这样一种现状上，你觉得是“发展经济”更重要，还是“民主自由”更重要？我以及我周围的年轻人，我们虽然都不属于贫穷的阶级，但是我们基本都一致认为，对于大陆目前而言，“发展经济”是首要的。因为正是因为经济的落后，导致社会上所谓的“读书无用论”，很多农村年轻人18，19岁宁愿去打工挣钱也不愿意去大学接受教育；正是因为经济的落后，导致我们做什么都是要“争抢”的，所以你会觉得很多大陆游客素质很低，比如不愿意排队。中国有句古话，“倉廩實而知禮節 衣食足而知榮辱。”  同样道理，你跟这些人谈“民主自由是天赋人权”，你觉得他们能否听得进去？即使听得进去，你觉得他们能否做到善用而不是滥用自己手中的权力和自由？

所以，我们大陆选择了优先发展经济，而民主自由这些问题，先不去触碰。因为所谓民主自由，缺了责任感和独立思考能力，很容易就会沦为被有心人肆意操纵的工具或者不加节制只为发泄内心情绪的滥用。看看所谓的”阿拉伯之春”吧，多好听的名字，但是让多少国家直到现在仍处于分崩离析的战乱中。更何况，中国世界第三的国土面积，世界第一的人口数量，如果也处于分裂和内战之中，届时不仅对大陆人，甚至对全世界都是一场灾难。现在，中国不仅没有乱，中国的经济还在这几十年间飞速前进，让14亿人口脱离了基本的贫困。考虑到大陆的人口，这些成就，无论怎么看，都可以称之为奇迹。而这一切，都是在中国共产党的带领下实现的。所以，如果说中国共产党就是代表邪恶，就是一无是处，我是坚决反对的，因为客观的讲，事实真得不是这样的。你知道大陆的经济发展对我们来说意味着什么吗？拿我身边最直接的例子来讲，就是大陆的学生现在很容易能申请到出国留学的政府支持经费出国念书，哪怕普通家庭也有很多机会海外深造，这些学生不仅学习到了西方的先进的科技成果，也了解了西方的意识形态和民主自由，他们会是未来中国民主自由改革的真正基础。如果大陆政府真如你们所想的邪恶，那干嘛每年还要派出去那么多学生留学？难道要让他们学成回来造反吗？

当然，我并不想否认大陆以及共产党存在的问题，比如，最大的问题在我看来依然是法制不健全。但是，我们不能否认，大陆政府在一点点完善去做的更好，而随着人们受教育水平的提高，老百姓也会做得越来越好。这些改变不可能一蹴而就，都需要时间。但是我们相信我们的执政党，我们也相信自己的祖国和人民。这也是我以及身边同龄人的普遍看法。


我在这里，并没有去涉及所谓具体的“台独”问题，香港的“引渡条约”问题，这些问题更为具体也更为复杂。我在这里只是想告诉香港台湾的你们，大陆的政府并非就是无恶不赦的，大陆的老百姓也并非都是被共产党蒙蔽了双眼。我们与你们唯一的不同，可能仅仅在于，我们比你们更加了解也更爱大陆吧。
"
443,,,,"
2B C永远是跳梁小丑！垃圾英国2BC
"
444,,,,"
中国大陆给香港供吃供喝供电，金融海啸还全力帮助。别拿所谓争取自由来掩饰面对大陆人的竞争下显示出来的无力和脆弱。一国两制让香港感觉上高大陆一等，但是在大陆迅猛发展的今天，一切都要改变。
"
445,,,,"
BBC搅屎棍
"
446,,,,"
胡说八道，歪曲事实。
"
447,,,,"
对对对，大不列颠治理的时候就是好，英国治理香港的时候香港人都有投票权
"
448,,,,"
我们来聊一聊爱尔兰和印度的饿死鬼吧，英国怎么在发生饥荒的时候还把粮食运走的
"
449,,,,"
蠢不自知
"
450,,,,"
你说我们对香港的事物一无所知，笑到气绝，倒是你们对大陆毫不了解，自说自话
"
451,,,,"
沒有人民就沒有政府, 人民要尊敬的是愛人民的政府, 不是自私,打壓人民的政府。
"
452,,,,"
游行到最后就成为了恐怖份子，所谓游行，只是一群被洗脑的炮灰
"
453,,,,"
BBC真恶心
"
454,,,,"
香港哩单野，街知巷闻啦，傻仔。但凡有脑都知咩事啦，民主自由你老母咩，你英国狗爹给过你自由冇？你估仲系以前90年代香港经济繁荣，高高在上咩？比心机搞呀，闹独立阿笨！中美贸易战都唔指望香港帮到手，但是都冇搞搞阵呀。扑街！
"
455,,,,"
香港真的是要什么没什么，有科技吗？有高精尖吗？有矿吗？就是有一张烂嘴！你看历史上有公投成功独立的国家吗？
"
456,,,,"
铁憨憨
"
457,,,,"
内地人表示 香港怎么了 管我们什么事 屁大点的地方 以为自己是宇宙中心么，西方思想？ 我大汉立于世界千年 跪舔当做优越感 呵呵
"
458,,,,"
周末几点游行呀？
"
459,,,,"
拉倒吧，谁有义务知道你这破事
"
460,,,,"
要敬畏政府，真是一个好太监
"
461,,,,"
文化上的杂种
"
462,,,,"
近一個世紀以來，推崇民粹自由的地方，除了製造難民還有什麼好結果？好好生活不好嗎，還是好日子過膩了想換換口味？那别在家裏搞事情啊，敘利亞、伊拉克、阿富汗……去試試
"
463,,,,"
何为自由 何为民主 包容不等于纵容
"
464,,,,"
我们内地人都忙着赚钱 谁管你麻痹自由
"
465,,,,"
一国一制吧
"
466,,,,"
不爱国就磙出去，灭港独
"
467,,,,"
你们就自己做吧
"
468,,,,"
哈哈哈哈哈哈哈哈 过两天和湾湾一个水平了 哈哈哈哈
"
469,,,,"
呵呵，内地人知道。只是香港和台湾做了太好的负面教材，大家看过你们游行和论证官斗后，最后觉得你们所谓的民主，带来的并不是让日子过得蒸蒸日上，反而是这种混乱无法让人民好好生活。这种民主，不要也罢！
"
470,,,,"
你追求的民主却伤害其他人的利益。要少数服从多数，这不叫民主，用暴力换取民主更加是不把人权放在大家嘴上说的人权。
"
471,,,,"
拿着自由的旗帜在放肆，犯了错说自己喝了酒，杀了人说精神病😂😂😂
"
472,,,,"
bbc真的是选了个非常正确的港独人士来发声，让我们充分认识到这帮人的傻逼程度。
"
473,,,,"
我觉得香港人这个做法很好，为发起者点赞. 要和内地人沟通，虽然10个人里可能8个都是鸡同鸭讲，但是还是可能会改变1个人的看法，（还有一个可能本来也是支持/同情）的态度，像这个说普通话的香港女士就做的很好。另外香港人最好搞清楚谁是，而谁不是你们的敌人，一些港人对内地人的无差别人身攻击，对内地悲惨的事情的幸灾乐祸，以及游行中和网络上对英国/美国爸爸的各种哭诉求助只能更加疏远中国内地人
"
474,,,,"
内地人不是不知道 而是懒得理你们 实在太傻了 到现在还在说内地封闭 请你们到大陆来看看吧 真的不要被西方毒瘤洗脑了
"
475,,,,"
哈哈哈哈哈哈啊哈哈哈哈哈哈哈哈哈哈哈哈哈哈哈哈哈哈哈哈哈哈哈哈哈哈哈哈哈哈哈哈哈
"
476,,,,"
自由不过是美国一个发明而已。为了更好的控制你。现在社会是有权力军事才有自由。等中国大陆超越美国也会给你自由的。
"
477,,,,"
香港人有什么可优越的地方，大陆一直在发展，香港天天闹 傻
"
478,,,,"
有没有香港的朋友给我科普一下香港的“自由史”？从英统期讲起就好！
"
479,,,,"
敬畏之心？可怕
"
480,,,,"
追求自由支持你，但不能打警察咬断警察手指
"
481,,,,"
其实 民主也好 独裁也好 都有好跟不好之分 每个人看法吧
"
482,,,,"
一群刁民
"
483,,,,"
大陆人说 有国才有家
香港人问 有地球先还是有人先？
大陆人答 地球
香港人问 先有人还是先有政府？
大陆人 ………………………
"
484,,,,"
下面的评论都是翻墙来评论的吗？😂
"
485,,,,"
你和我们聊自由？自由就是你愿意就可以随便砸立法院，自由就是游行，袭击警察？
150年的西方教育？被殖民就是你们的自由吗？
希望香港好，就不能像孩子一样哭着打着说要自由。
世界和平。
"
486,,,,"
Please focus on.something useful,BBC......
"
487,,,,"
英国人殖民统治时不跟英国政府讲自由说""光复香港"",现在回归中国才来闹,这是为什么?
"
488,,,,"
睇完留言證明文宣真係可以省去向大陸人宣傳呢一點😂
"
489,,,,"
BBC都咁鬼唔客观噶。
"
490,,,,"
开放不代表你胡作非为
"
491,,,,"
一口一个香港人，又说对面中国人，本身就是港独 还说个鸡巴毛
"
492,,,,"
大陆人的看法是，那个骄纵的孩子又在耍脾气了，都是家长惯的。反过来讲，香港人从没把自己和大陆当做一家人，才会这么脆弱敏感。
"
493,,,,"
平时蝗虫支那残体字骂内地人，前几天见到说普通话的人就围上去报打。丝毫看不出恳求之意
"
494,,,,"
BBC怎麼不拍他們在香港立法院的行為
"
495,,,,"
假的一p
"
496,,,,"
你们真的觉得内地人没有自由么，井底之蛙，你们的自由已经变质了
"
497,,,,"
特别假
"
498,,,,"
这是两个意识形态的博弈 就看谁能笑到最后了
"
499,,,,"
香港人是民国那群人，我们是大清国民啦。
"
500,,,,"
去太平洋追求自由吧
"
501,,,,"
漢奸走狗賣國賊
"
502,,,,"
香港人感觉太好了 不要总觉得内地人不了解情况 对香港已经够宽容了 看看澳门 为什么澳门现在的经济富裕程度远远超过香港 香港人完全没有反思吗
"
503,,,,"
請問是政府沒有回應？還是沒有答應？你們要的不是回應？是要答應？你們是否應該去好好學下中文？
"
504,,,,"
暴徒
"
505,,,,"
大陆人表示并没有那么想关注这件事，就像有人说的我们有很多事儿要关注要去做，我们挺自由的，但发自内心觉得游行暴乱这种确实挺疯狂的。无论如何都不能理解~ Peace and love♥️
"
506,,,,"
大陆签订引渡条约是干涉自由？美国签订引渡条约就是维护自由？会写脸字么？
"
507,,,,"
我周围的人都知道香港乱了，香港已经失去以往的风采，让它去争取他的自由，追求他的宁静吧，只是不要出英旗，打游客这种恶心人的事情就行了
"
508,,,,"
大陆闹革命的时候比这个自由多了，民粹初尝很过瘾，债早晚还是自己还。
"
509,,,,"
沙雕，立个法你们就没自由了？你们太自由了，太放肆了，确实要管一管。
"
510,,,,"
学生的责任是求学不是搞政治活动。
"
511,,,,"
哎........一声叹息！我们大陆人的同胞们！看到你们的留言，我真的绝望了！好在我还有希望，努力把我的事业做大，把手上的两个公司经营好，时机成熟就移民吧！以前说民族性格，我还不相信！现在真的是信了！很绝望的信了！
"
512,,,,"
难道香港人觉得大陆人会支持他们游行？
"
513,,,,"
有些人看到的世界很小 狭隘 容不下他人观点 到处指责 好像和他们想的不一样的都是白痴
"
514,,,,"
也许大部分大陆人过得还算满足？有没有想过？
"
515,,,,"
我们坚决支持北爱独立
"
516,,,,"
想骂谁就骂谁，想做什么就做什么，想无法无天就无法无天，这就是香港自由
"
517,,,,"
我是大陆人 知道这事情，但是我们的先解决温饱问题
"
518,,,,"
利用人民鬧人民！這就是當年“文化大革命”式的手法。而家的所謂民主自由抗爭，其手法根本就是“文化大革命”的翻版，只是彼上民主自由的新裝，“紅衛兵”變成“黃衛兵”！“連儂隧道”？但就有一面倒的意見。當有支持修例意見，就被瞬間消失。這真的是民主自由？言論自由？
"
519,,,,"
BBC  king of fake news
"
520,,,,"
https://www.youtube.com/watch?v=cjVMd7Xauws 新闻联播的报道
"
521,,,,"
不愧是BBC
"
522,,,,"
断章取义很好笑，不想了解就是不知道你们在暴乱就是不想要自由？EXO me?这是什么鬼的自由，这是内乱
"
523,,,,"
香港人：任殖民者虐我千百遍，我待你仍如初恋……
"
524,,,,"
香港柜姐看到大陆游客就装哑巴，瞧不起我们大陆人
"
525,,,,"
你不收我的传单？你不自由！
"
526,,,,"
那换个角度如果大陆人游行废除一国两制，让香港跟大陆其他地方同样的体制运转，这样香港就应该满意了吧
"
527,,,,"
作为大陆人，完全不知道。。
"
528,,,,"
你一副高高在上的样子居然有脸要求我们跟你们交流？
"
529,,,,"
我公司曾经有个人跟我说，你不出国永远不知道什么是自由。所以到现在我也没有明白
"
530,,,,"
虚伪的香港人，把自由挂在嘴边，那大陆人来购物是不是自由？
"
531,,,,"
装睡的人很容易叫醒。你只需要在ta耳边大喊：“着火了！” 大陆人没有到火急火燎的地步，当然不愿动。等到了那个地步，他们动得比你快。
"
532,,,,"
大陆人支持香港同胞
"
533,,,,"
香港人从哪里来？老一辈还不是从大陆过去的
"
534,,,,"
暴徒，我們聊聊自由與放縱和暴行罷！
"
535,,,,"
我很恨英国人， 为什么他们不来湛江， 那样我就不用大老远跑去香港旅游了
"
536,,,,"
不在沉默中爆发，就在沉默中灭亡
"
537,,,,"
中国有一段时间比任何国家都自由，人民可以上街游行，可以冲进执法机关，可以自由审判把贪污的官员，那段时间叫文革。
"
538,,,,"
应该打倒富人！世界人人平等待遇不是就自由了么！
"
539,,,,"
你们应该感谢共产党政府 一直保护着你们。要不是共产党政府一直压制着国内民族情绪。早把你们这些 绿台🐸 和港废青 给灭了多少回了
"
540,,,,"
你们有什么资格谈自由
"
541,,,,"
香港的废青 哈哈 好笑 奴隶化？喜欢做英狗？
"
542,,,,"
被你们聊过以后，彻底相信民主的失败是吧。
"
543,,,,"
中共當局刻意封鎖境外政治消息，
中國內地人當然不知道香港的事情！
"
544,,,,"
香港加油人渣中國
"
545,,,,"
自由？那需要流血牺牲！香港港獨可以闹啊 可以去死啊 港獨除了把香港经济搞衰落 把老百姓的生活搞乱 人家不愿意给你陪绑！港獨想死我们成全你！
"
546,,,,"
自由民主是个筐，什么都能往里装。我倒想听听进攻立法会的人士是怎么解读自由民主的
"
547,,,,"
Freedom is not free. This is just protest not freedom. What's the freedom, do you know the meaning of it indeed?
"
548,,,,"
别扯了吧。反送中就是自由？自由人权就是反送中？
"
549,,,,"
好可怕的思維  對政府要有敬畏之心 ??  政府不過是因為有人民而存在的  領的都是每個人的納稅錢....說的好像人民都不做事躺著給政府養一樣  什麼樣的奴化教育?
"
550,,,,"
如果这个事儿让中国14亿人知道，你们香港人，涂抹象征着中国抗战中英勇牺牲的英烈的国徽。香港就真的完了。
"
551,,,,"
真羡慕你们，某些香港人＂自由＂了，不用上学，不用工作，没有住房，太好了。你们＂自由＂了。
"
552,,,,"
港灿跟陆客说我们来聊聊自由吧，然后把陆客你摁在地上用力摩擦
"
553,,,,"
再不收拾香港，香港就不成样子了
"
554,,,,"
你们自high吧，弹丸之地，搞毛了中央政府等着接管吧
"
555,,,,"
香港人加油，我支持你们。经过你们的斗争，争取让香港成为下一个乌克兰。
"
556,,,,"
谁能告诉我她所说的自由、人权 到底是什么吗？
"
557,,,,"
自我感觉太好，向往西方文明就应该走出去，而不是只敢在弹丸之地横
"
558,,,,"
暴動，破壞立法會，辱罵，打警察，圍堵，欺凌，市民基本生活都受到阻礙這就是你們追求的自由嗎？這是進步？
"
559,,,,"
外媒都是喜欢黑我们政府。
"
560,,,,"
请问你们要的自由是什么？
"
561,,,,"
去香港购物就要了解香港的事情吗？这话说的，亲，我想了解就了解，不想了解就不想了解。我要是去商场，难道还要了解商场的内部管理机制？了解商场员工一个多少钱？
"
562,,,,"
奴隸做久了,要對政府要有敬畏之心?
政府要幫市民做事,做不了事就要對市民有敬畏之心,你回去當你的奴隸吧
"
563,,,,"
那种傲气能不能放下，有自由了不起啊。人不愿意搭理你，你强行安利？真恶心！
"
564,,,,"
果然战争都是从宣传开始的
"
565,,,,"
香港很多废青，不说出国啦，连内地都没来过，然后住在笼子里，笑话别人不自由，你说搞不搞笑，井底之蛙。
"
566,,,,"
bbc这样去美国，去加拿大，去英国游行怎么样
"
567,,,,"
很多大陆人根本都不知道香港发生的事情，能在网络上发言的只是极少数，而且大部分是五毛党。
"
568,,,,"
“哦，中国”已经充分表示了那位大陆游客的立场，既然追求自由，为什么又不能尊重其他人的思想和立场，民主是个好东西，他应该是民众表达自身诉求，调节矛盾的工具，而不个人主义极端化或者一味扩大事态的利器
"
569,,,,"
这么一闹，裂痕撕开了，对立造成了，香港的未来会非常曲折。大陆人有过N次的政治运动洗礼，早已明白清楚这些都是什么东西。
"
570,,,,"
修个引渡条例弄成这样~我服，所谓的捍卫自由难道等同犯罪份子的乐土……看视频最后还说什么装睡，我想说，睡尼玛逼……你不明白吗
"
571,,,,"
明主是个好东西，内地有14亿人口，如果共产党不搞强硬手段那还不乱反天，什么藏独，疆独，恐怖主义，分分钟让香港玩玩，每个国家有每个国家的国情，有时候真的觉得民主就是那些游手好闲的人不干活的借口。（大部分人）
"
572,,,,"
香港人真是過的太滋潤了
"
573,,,,"
撐
"
574,,,,"
什么中港关系，标题都错了做什么媒体，一看就是港独
"
575,,,,"
试试看在美国你这么玩？打砸政府议会还袭警，美国警察双拳伺候的你妈都认不出~欠揍
"
576,,,,"
知道呀 我远在千里之外，我们不麻木能干嘛？革命要流血的！
"
577,,,,"
內地人:你們遊行是反對我們過去購物嗎？我們想先經濟富足，再談人權自由。(這對港人來說並不矛盾)，這就是認知不同。
"
578,,,,"
什么民主自由法制，还说什么不醒，都乱成什么样，还自我感觉人上人，没前途
"
579,,,,"
都怪袁隆平啊。。。
"
580,,,,"
内地人的生活不断在改善，这帮瞎子是看不到的。
"
581,,,,"
假到死这bbc中文，想吐
"
582,,,,"
If North Korea opened a street full of luxury boutique store with good discounts, mainlanders will still go there! It is about the price, not the so called HongKong ""democracy""!
"
583,,,,"
我身边的人都知道啊，哈哈，看香港傻逼吃饱了没事干。什么是自由，真是身在福中不知福。香港有你们这群二逼我就放心了，我们崛起你们完蛋，哈哈。
"
584,,,,"
大陆的问题很多，自由也很可贵，但是香港人真的了解大陆么？你们只是沉醉在往日高高在上的迷思里，接受不了自己竞争力下降，即将被超越的现实。我们支持你要求普选的诉求，但是你们不该从心底里认同自己是中国人么？你们不该热爱自己的国家么？当你举着港英旗帜游行的时候，你认为大陆人会支持你？
"
585,,,,"
一句讲晒，香港人奴隶性根深蒂固，係绝对贱民！
"
586,,,,"
我们怎么不知道，早知你们这班红卫兵的暴行
"
587,,,,"
政府要驚人民先啱喎 

而且政府丶警察都要尊重法治，但可惜佢地根本冇尊重法治，反而仲想用法律控制平民
"
588,,,,"
他们怎么不在尖沙咀打英国旗？
"
589,,,,"
香港接受了150年的西方教育，为什么港英时期你不闹了？
"
590,,,,"
2:35 多么惊人的逻辑，有政府才有正常生活，要敬畏政府，中国人做狗时间太久了，什么是人都搞不清楚了
"
591,,,,"
你们去冲击一下白宫试试！香港人讨要的哪里是民主自由，他们想要的是他们要什么政府就给什么，不给就上街打砸抢的无政府状态。
"
592,,,,"
防火墙的作用其实就是一把意识形态的枷锁。香港人和大陆人讲民主和自由，等于鸡同鸭讲话。
"
593,,,,"
你们他妈是自由过头啦，香港都被你们这些小气候弄乱啦。。。
"
594,,,,"
唔知道香港d事好出奇咩，人地都唔care。你香港又知道大陆每日每个省每个市发生d咩事咩？
"
595,,,,"
不同的制度和意识形态之间是平等的。不存在西方的制度就应该优于中国的制度，如果不信奉西方的制度就是野蛮未开化的表现，或者如果支持西方民主就是高人一等的存在。喜欢和讨厌是平等的。
"
596,,,,"
香港人真是得寸进尺，永不知足，这要是在内地早就用机枪扫死你们，用坦克砸死你们了，想有意见？做梦！先上集中营and精神病院进修两年
"
597,,,,"
有人說，香港回歸一國兩制完全失敗。回歸前，英國管理香港經濟蓬勃，回歸後，社會矛盾加劇。 我看到一篇文章，我將它梳理了一下，看看這段歷史，香港到底發生了什麼事。 1949年，新中國成立。來自內地資本家大批湧入香港，為香港注入資本、勞動力，這是香港騰飛的基礎。 1950年朝鲜戰爭，西方封鎖中國。香港成為中國通往西方世界的唯一通道。 60年代前，香港以農業和輕工業為主的發展中地區。 1962年，中印邊境戰爭 60-70年代，日本、德國的產業開始轉移，香港以廉價勞動力，承接了大量的產業轉移，香港的製造業有了基礎，經濟飛速成長。南韓、新加坡、香港和台灣成為亞洲四小龍。 (四個地區都有著高效率政府。韓國、台灣與新加坡當時是在威權政體之下，香港是由殖民地時期香港政府一手主控，穩定的政治環境有助於刺激經濟發展，政策也相對具有高度一致性與延續性。) 70年代之後，大陸大批量引進西方技術設備，這些技術設備全部通過香港轉口，大量的轉口貿易和配套的金融體系，讓香港迎來了最為黃金的10年發展期，奠定了香港成為世界級港口和世界級金融中心的基礎。 香港背靠大陸這個大量需求腹地，成為""製造業中心""、""轉口貿易中心""和""金融中心""。工商持續增長，成為現戰後以來空前的繁榮。大陸封閉落後，塑造了香港。 1974年，石油危機導致香港股市暴跌，地產業全面調整，香港樓價下跌了三至四成。 1978年，文革平反，鄧小平復出後決定以經濟發展為中心，提出改革開放。香港製造業、轉口貿易跑到了土地、人力、管理、稅務等各項成本更低的廣東、福建東南沿海。 1979年中美建交，同年中越戰爭。 1981年，中英雙方有關香港問題談判，令香港人出現信心危機。一年內，樓價下跌六成。 1984年，《中英聯合聲明》發表，香港奉行的資本主義制度、社會制度和生活方式可以維持「五十年不變」。後來市民信心漸漸回升，樓市慢慢再度復甦。 1989年，六四事件，部分香港人對前景失去信心，資金人才外流，樓價再度大跌。 1997年香港回歸，亞洲金融危機爆發，香港地產市道受到重創，中產作業社會的中堅力量，當他變成負資產。地產兩大支柱同時崩潰，投資信心空前低落．社會上開始響起尋求發展其他產業的聲音，包括爭取興建迪士尼樂園  、高科技工業園，以及發展高增值工業。 香港十多年內，地價上升了二十倍，過高的地價，使只有少數的擁有龐大資本的地產商才能參與土地市場，結果做成寡頭壟斷，造成政府與地價巨頭與數百萬私樓擁有者這共同利益體，而這造成了主權移交後高地價的必需繼續性。 1998年，董建華提出的中藥港，以促進香港的中藥產業，不過該建議後來和董建華同時期提出的多個計劃，如水療度假中心、鮮花港、物流園區和新貨櫃碼頭等構思一樣，最後都是不了了之。 深圳出現了華大基因，又成為全球一流的基因、生物科研企業。 1999年，董建華擬定李澤楷提出的“數碼港”計劃，要發展互聯網科技。結果，互聯網沒做起來，數碼港被搞成了房地產開發。 漢鼎亞太公司和張汝京則提出了矽港計劃。 想在香港搞芯片製造，香港人以“炒地皮、炒樓價”的由頭堅決反對，又搞遊行。 結果，張汝京在上海搞了個中芯國際。現在是中國最大,世界第四的芯片製造商。 2001年中國加入WTO，上海、寧波、天津、廣州、大連等大型港口集體發力，全球來往貨櫃直接在內地靠岸。 ------------------------------------------------------------- 香港不是沒有機會，而是錯過了太多機會。 香港長期的房屋供應短缺以及樓價和租金大升造成各種社會問題，逐漸撕裂香港社會。 在製造業、轉口貿易出現轉移傾向之時，香港互聯網沒做起來，數碼港被搞成了房地產開發。 經濟脫實向虛，掉頭轉向“金融業、地產業、服務業”。把資本炒到天上，把房子炒成天價。 所謂的自由金融貿易港，帶來了大量的熱錢過境，這些資本熱錢把經濟炒成了虛胖。 階層接近固化，年輕人沒有出路，充滿戾氣。金融、地產這兩項，無論哪個都不是初入社會的年輕人能玩兒的，出頭無路、創業無門，年輕人就一股腦跑到大街上，把戾氣宣洩給曾經的“窮親戚”中國大陸。 時至今日，香港經濟的宿敵就在香港內部，就在那些金融寡頭之間。 金融的暴利成就了香港，也慣壞了香港。資本的短視和逐利，讓香港錯過了最好的10年。香港錯過的，深圳全盤接收。 深圳的崛起，首先要感謝的是政策，其次就是香港。 16年前，香港的GDP總量是深圳的7倍，但今天，深圳幾乎逼平香港。 甚至，如果深圳延續高增幅，深圳經濟總量將大概率超過香港。 80年代，以深圳為代表的廣東沿海，承接了大量來自香港的製造業轉移。很快，深圳完成了原始的財富積累。 2000年之後，製造業又找到了更優質的轉移地——以越南為代表的東南亞國家。 但深圳很快憑藉製造業轉移的原始財富積累，找到了一條屬於自己的路——科研創新、產業升級、中國矽谷。 那些年香港錯過了互聯網、基因生物、智能製造、轉運物流，都被一河對岸的那個小漁村深圳撿了起來。 於是成就了一大批群星璀璨的企業: -- 有市值近4220億美元，5萬4千名員工的互聯網企業騰訊； -- 有營收7200億人民幣，18萬8千名員工的科技公司華為； -- 有市值1000億，全球一流的基因生物公司華大基因； -- 有市值1300億，22萬名員工的汽車製造商比亞迪； -- 還有市值3000億，擁有40萬名員工，52架貨機，16000台運輸車輛，14000個營業網點的巨無霸物流企業順豐速運…… -- 甚至在香港玩兒得666的金融和房地產行業，深圳也在奮起直追，平安、万科、招商…… 一個2003年，入读香港科技大學的畢業生，9年後把產品做到全球7成以上的份額。這家公司就是大疆。更值得玩味的是，這家公司在深圳，而不是在香港。 深圳通過高速、高鐵網絡已經把東莞、惠州、香港、廣州、佛山、中山、珠海串聯成一個城市平台，這是一個巨無霸的經濟集群，這一個未來可以媲美舊金山、東京的世界級大灣區。 深圳是研發中心、總部基地；東莞憑藉全世界最成熟的產業工人，是製造中心；中山和惠州是零部件採購中心；廣州是分銷中心；鹽田港是貨櫃中心…… 留給香港的只剩下上市融資中心，但卻不是唯一選擇，上海、深圳都可以替代！ 而一河對岸的香港呢？望著日漸崛起的河對岸那個小漁村，開始驚恐，之後愚蠢，怪政府、怪特首、怪李家、怪回歸，覺得這一切都是別人的錯。 放著70萬億的龐大市場不做，卻走上街頭，玩起了“政治正確”。真特麼是既可憐又作大死啊！ 昔日封閉愚昧的大陸，變得開放、包容； 昔日開放自由的香港，變得愚昧、封閉。
"
598,,,,"
走狗，汉奸
"
599,,,,"
我们要的不是自由，是活下去
"
600,,,,"
狗也配谈自由
"
601,,,,"
大家给自己一个机会，给香港一次机会，冷静看完条片。救救香港
https://youtu.be/oweYmErSXek
"
602,,,,"
追求自由可以用暴力？原來使用暴力可以擁有自由的
"
603,,,,"
路过踩下去
"
604,,,,"
暴徒是挺自由的
"
605,,,,"
香港的自由是想象的自由，臆想的自由，在没有发生之前想象各种不好的东西。然后要去抗议。你可以抗议政府做错的事，但不能抗议政府做事
"
606,,,,"
大陸人好自由，大部分人都可以自由出境，每日甘多人自由行來香港就知！
"
607,,,,"
新聞聯播出的都不可信啊。而且都是反面報道。另外我對片中的邏輯有些質疑。那就是新加坡也有很多人流著大陸人的血。怎麼著新加坡是屬於中國的嗎？
"
608,,,,"
我在大陆，我很自由。
我们这有限的民主够了，
你们所谓的西式民主，绝对的自由，不是你们闹事的理由。首先在民主给你表达不同意见不是让辱骂侮辱，自由也不是你犯罪的借口
"
609,,,,"
bbc＝bbchina永恒定律
"
610,,,,"
世间有轮回，没有经历过文革的人终于可以尝一尝文革的味道了。所谓的自由就冲击政府吗？
"
611,,,,"
四眼田鸡，你祖先就是这边过去的。被英国人殖民了150年，记住英国说的是租借，从租借口获得了多少利益？你那个时候有人权可讲了？有港人治港了？你有选举权了？全是尼玛的委任~这会回归了！你就闹了？习惯了被洋大人管了？
"
612,,,,"
翻墙来看喜剧，那个女的问大陆游客，你们不要自由吗，我笑出声了，哈哈
"
613,,,,"
真想有个香港人跟我讨论讨论，我哪里没自由！我作为大陆一个屁民，我常骂共产党，我随时可以出国旅游。还要什么自由。大陆没有撒谎的自由这是真的，BBC有在youtube的撒谎自由
"
614,,,,"
屌你老母.你要自由?一群傻逼.你自己做西洋狗就好了.别拉着身心健康的人陪着你们做
"
615,,,,"
1:04 這句話...
"
616,,,,"
傻x,你的自由游行的权利是香港回归中国后才有的！去了解一下好么？太惯着这帮孙子了!
"
617,,,,"
1972年1月30日，英国伞兵开枪射击手无寸铁的北爱尔兰自由人士，造成十四死，十三伤，史称“血腥星期日”。 https://zh.wikipedia.org/wiki/%E6%B5%81%E8%A1%80%E6%98%9F%E6%9C%9F%E6%97%A5
"
618,,,,"
什么时候把口号改成要住房反剥削，说明你长大了，起码知道自己对社会不满的根本原因
"
619,,,,"
等有机会就干死你们，香港嗦嗨，自己作吧
"
620,,,,"
其實我覺得訪問中的內地人已經是相對比較理性的一群了。謝謝他們的話讓我們更了解他們是怎樣思考的，才能更針對他們的思考模式來溝通🙈
"
621,,,,"
你们要的自由就是骚乱吗？你们要人权，被你们打的警察的人权呢？
"
622,,,,"
你怎么知道别人麻木，自己感觉醒着的人，很可笑
"
623,,,,"
我是大陆人，香港没救了
"
624,,,,"
The BBC is a colonial tool of the Brits no wonder their reporting is biased against China.  They were very bitter of losing their former colony to China, that's why they're spreading fake news.  The BBC stand for British BS Corporation.
"
625,,,,"
你们的大五毛都被抓了请求澳大利亚帮助，别来秀智商了！
"
626,,,,"
哈哈哈哈哈，你不要自由么？灵魂的发问哈哈哈哈哈
"
627,,,,"
都能上街打砸抢了还没有自由？
"
628,,,,"
香港已经成为恐怖之都，期待中国政府早点解决这个事情，还香港一个平安
"
629,,,,"
人权、自由、不知道发展才是硬道理吗、一点大局意识没有，只会聚在一起胡闹
"
630,,,,"
对政府要有敬畏之心？毛泽东要是这么想该有多好。
"
631,,,,"
在港人眼里，我就是一名睡着不醒的大陆人，哈哈哈哈哈，真特么够搞笑的。
"
632,,,,"
我是大陆人，我们很自由！
"
633,,,,"
港逼还不知道为啥去香港购物呢！要不是便宜谁去啊？香港变臭港
"
634,,,,"
聊你妈的自由，当年英国人给了你们自由？
"
635,,,,"
底下的三毛同溫層也太厚了吧
有夠噁心
"
636,,,,"
不是我们内地人不知道，而是觉得无聊。我觉得现在有比你们所谓的民主更重要的事情要做。并且我觉得当中国人挺自豪的！
"
637,,,,"
大陆人不懂得，不需要和他们讲；
"
638,,,,"
香港好不好跟内地人半毛钱关系没有。。香港愿意怎么闹就怎么闹。。
"
639,,,,"
自由是什么？都被你们玩坏了
"
640,,,,"
啞k啦，宜家橡胶弹同催泪弹咁串去冲，实弹加坦克仲够胆？咪玩啦，有担饭吃边嗰咁㒄得闲革命啊，民主系用血同命堆出来嘎，当香港人揸住ak冲驻港部队阵时我就信系民主，唔系自由閪
"
641,,,,"
和大陆人谈自由， 大陆人首先要求香港取消大陆人去香港的限制， 全国哪里都能去， 凭什么去香港要受到限制？
"
642,,,,"
台灣嘲笑大陸沒有民主 結果自己政治動蕩 經濟滯後不前 香港要鬧自由 搞得社會動蕩不安 真的諷刺
"
643,,,,"
我觉得我挺自由的啊，难道我不自由吗？问我这种问题我肯定怼回去，你要是不自由这会还能让你上街瞎BB，你们这些人真的好好感谢袁隆平
"
644,,,,"
前两天去香港，一说普通话差点被打，要不是赶紧表明身份是外国人，估计得挨打
"
645,,,,"
bbc笑而不语
"
646,,,,"
看完视频，我只想说透尼玛，你们没资格评论大陆。
"
647,,,,"
游行的人真可怜，你们只是西方价值的牺牲者
"
648,,,,"
香港挺惨的，闹这么久了，中央政府到现在还不鸟他们，大陆的人也完全不同情他们，就像一个一直哭闹但却无人问津的孤儿，只好指望邻居说三道四
"
649,,,,"
在美国  在英国   你们这么搞   警察早就开枪   武力镇压了    还说什么自由   自由不代表就是无法无天   在我眼里你们就是不懂事的孩子
"
650,,,,"
你帮了半天他们，结果他们叫你蝗虫哎。
"
651,,,,"
当我们大陆人没看过港灿攻击大陆游客的视频是不是？
"
652,,,,"
絕對支持香港人追求自由。不過追求自由不代表可以隨意辱罵他人，可以隨意襲警，可以指鹿為馬想打誰就打誰。第一次見到革命還怕吃苦，往商場跑，要求冷氣的。既然想當建國英雄，至少拿出老祖宗不怕犧牲吃苦耐勞的精神。
"
653,,,,"
对我们来说家人健康，工作顺利，无痛无灾是最重要的！我不明白香港还想要怎样的自由，自由到可以随意辱骂游客，对游客进行人生攻击？因为所谓的自由就是毁了香港？
"
654,,,,"
有没有香港土族私信我一下，我有个东西给你们，不保证你们喜欢，但没有恶意！
"
655,,,,"
Im Hong Kong People, I Hate those protests, many Hong Kong people Hate the protests too... just western media never tell the true story...… they asking some "" actors"" to make the story...….shame......
"
656,,,,"
都有时间去香港玩了还问你不需要自由吗？？？😂😂 还想咋自由
"
657,,,,"
好大言不惭，只有你们才知道什么是自由，什么是民主，看你们及你们的鬼佬干爹的优越感还能支撑多久，去问问伊拉克、利比亚、乌克兰、埃及、叙利亚、阿富汗人什么叫自由什么叫民主吧，小打小闹不起什么作用，有种你们这帮细皮嫩肉的东西就真刀真枪的干，象冲击立法会一样去冲击军营啊，你们闹得太小了，中央政府和解放军真的不方便出面，说什么民主啊人权啊都没有用，共产党的政权是靠铁和血挣得的，你们愿意拿铁和血来换吗，有那个种吗？否则就少说独立的大话！
"
658,,,,"
英国殖民者养的恶狗，，继续闹，，，闹的越大越好，，，，反正很多大陆人已经不去香港这个烂地方了，
"
659,,,,"
有没有发现 台湾 香港 韩国 这三个地方 事最多。。想过明白 都是小国家为什么你们事最多。。想过么?
"
660,,,,"
大陆人为什么要知道这些，我在香港碰见有很多香港人讨厌大陆人还让我滚回大陆，现在又想我们知道香港发生什么。呵，关我屁事
"
661,,,,"
來 讓暴徒來跟你聊聊法治吧
"
662,,,,"
无野讲，两边势力都不是好东西，中国想要独裁，西方又想搞乱中国，两边都系扑街嚟！
"
663,,,,"
谁说内地人不敢发声 请不要代表内地人发表自己的意见 你的想法意见都不知道是从哪里来的 真的很奇怪 内地人都没说不自由 香港人却代表我们说内地人不敢发声没有人权自由 真的太可笑了哎 你以为内地人都是傻子吗？
"
664,,,,"
你有追自由的自由，他有忽视你的自由，各有范围，反对贩卖
"
665,,,,"
狗屁不通
"
666,,,,"
关我嗨事，香港小伙子，做人不要太攀比，踏踏实实做自己。如果非要比一比，那就比比激光雨。u r b b r g r o u gen
"
667,,,,"
中国发展这么好，因为中国政府有能力。
"
668,,,,"
自由？！
Unless a man has talents to make something of himself ,freedom is an irksome burden。
港燦就是太自由了，陳詞中還帶著莫名其妙的優越感，你們當前的所謂民主自由，真特麼如糞土。
"
669,,,,"
去看看美国警察局长 vs 香港警察吧，身在福中不知福的香港人们。
"
670,,,,"
总有一些国家和个人看不惯中国和平发展，来搞事情
"
671,,,,"
香港问题的本质是资本家对底层民众无止境的压榨，结果这帮傻逼废青却把矛头指向了大陆？就算你香港真的独立了，如果不限制或者清理这帮资本家，那么香港依旧无前途！特别是地产起家的资本家。
"
672,,,,"
民主不民主，我是不信的！但香港做为中国地方，却是反华桥头堡，急先锋，中央不管才是可悲， 希望香港继续乱，继续无政府主义大行其道！继续街头暴动，继续打警察！希望香港年轻一代继续作死。
"
673,,,,"
作为一个大陆人，我觉得重新建设香港应该用不了10年吧？
"
674,,,,"
人总是倾向于在别人身上找问题
"
675,,,,"
我是大陆人，天天来看香港大片，看热闹，大陆人都知道你们香港人喜欢游行，习以为常了，，哈哈，
"
676,,,,"
什么是白眼狼   香港这些港独绝对配得上
"
677,,,,"
反送中是让在大陆犯罪逃往香港的坏人不被法律制裁，是让受害的大陆人得不到保护，是港独对大陆老百姓人权的践踏。我是大陆人，对于港毒明目张胆歧视大陆人非常气愤！香港的年轻人除了抱怨与暴力，已经连明辩是非的能力都没有了。大陆的年轻人比香港年轻人强多了。
"
678,,,,"
世界的复杂远远超过每个个体的认知。理想永远是丰满的。回顾下当年的六四事件。如果足够理性，应该知道如何分辨。
"
679,,,,"
人家根本不想理你这个傻逼，看不出来吗？还说别人不知道香港发生什么事
"
680,,,,"
其实大陆很多人各种渠道都能接触到香港的事情，天天喊民主自由的人总感觉我们很麻木，以为我们什么都不知道，但我们只是可能不喜欢天天围绕政治去生活，我们忙着做事业，忙着陪孩子父母去旅游，忙着培养孩子学习技能，发挥自己人生的价值，我们从父母那一代人的生活质量看到现在这一代人以及下一代人感觉是在不断提升进步，大家都享受生活质量和社会文明的不断提高进步，实在没有理由天天把时间浪费在上街搞运动，除非大家都感觉生活天天退步，没希望了，也许也会变成狂热街头人吧，感觉天天搞运动批斗，最终没有赢家
"
681,,,,"
这些所谓民主和自由真的很可怕
"
682,,,,"
这事儿肯定不能知道了，因为大陆有很好的传染条件，压抑久了，一旦蔓延那是很恐怖的
"
683,,,,"
吃饱了撑了？要尼玛逼自由，还不够自由？连对自己的国家都可以这样不尊重，你应该反思自己
"
684,,,,"
从06年到18年，陆陆续续去过几次，不多，但真的感觉变化不小，从06年时的热情友善，到18年的傲慢无礼，很佩服有些香港人，面对英语和普通话，可以做到谄媚与冷漠的瞬间切换
"
685,,,,"
我是大陆人，我在看YouTube，对于开头的那位女性香港民主愚民来说，你太高看你自己，也太看不起中国人了。
"
686,,,,"
香港人真是傻逼，被别人当枪使。悲哀啊
"
687,,,,"
前面个女的讲的什么不知所谓，你对大陆了解多少，就敢大言不惭要“叫醒”我们？不回应你不同意你的观点就是别人在“装睡”？观光客拒绝你的宣讲不回应你是因为觉得你蠢！鼠目寸光，坐井观天！后面一个小哥说的好，一群毫无敬畏之心的人所追求的自由，难道就是真的的自由？
"
688,,,,"
BBC好不要脸
"
689,,,,"
香港人加油 鏟除暴徒！
"
690,,,,"
说到底还是香港经济不行了呗，生活水平不如以前了呗，看着大陆越来越有钱越来越好，心里不爽😕
"
691,,,,"
誰大誰惡誰正確 勝者自然為正 我們來聊聊誰的拳頭大吧
"
692,,,,"
你可以去追求你认为的自由，但是别人也有不去了解你追求的自由的自由。凭什么别人不认可你，别人就是不追求自由。这就是所谓的open mind？而且一句一个内地人，难道所有的内地人都一样吗？你相当于给所有内地人都贴了标签，还能和平平等地交流吗？
"
693,,,,"
这些sb 应该看看最近英国发生的游行，不要再扯中国没有自由，他们的爹还把一个记者关进监狱，只因为他说了事实
"
694,,,,"
说的对，身为一个内地人其实都知道，就是不想鸟你们，继续闹！最好闹到临时管制再戒严，最好不过了！
"
695,,,,"
这个世界上只追求金钱是没有意义的，但是这个世界上很多人连物质都还不能满足，请这位香港的小姐好好思考一下
"
696,,,,"
一群sb抗议 bbc 吃屎
"
697,,,,"
谁能告诉我，什么是送中？我真的不知道，我是北京飘着的西安人
"
698,,,,"
香港人又知道自己国家其他地方的人是什么样的，在想什么？
继续装小孩子吧！

成都大妈正搓麻，广州靓仔识饮茶。沈阳大哥撸肉串，昆明妹妹笑捧花。
是香港人要主动融入自己的国家，不是让14亿人迁就香港人。
别当巨婴了！也就自己国家会这么宠溺，换殖民港英早就红头阿三棍棒伺候了！
"
699,,,,"
2:19 他都說不出來，跟大陸人談政治他們會當機。
"
700,,,,"
太阳花滚回台湾，台湾人权问烂蔡仔的人权没好到那里。
"
701,,,,"
那你思考一下，返送中对于你们普通屁民有什么影响？？
"
702,,,,"
我有一个提议！让那些民主自由人权人事来大陆的农村里当几年村长，来推行那一套西式政策吧！我估计不出半年就要跑了。共产党把一个平穷落后连饭都吃不饱的国家带到如今这样，靠的就是他们了解人民，了解自身，他们做的就是取其精华弃其糟粕。西方人的文化素养也是经历了上百年时间沉淀而来的。为何不多给些时间？
"
703,,,,"
哈哈哈哈，大家都知道这件事只是懒得去理可以吧，就像大陆发生什么事香港人会都知道吗？Come on，大家都自关注自己生活圈涉及自己利益的那一部分。
我说实话，我赞同香港人表达自己的想法和关切，大陆政府确实在诚信方面有待提高。
但是我却坚定反对香港这种表达方式，破坏自己的议会，暴力游行示威，被西方煽动。这并不能带来什么，而且后患无穷。
我个人理解，这次事件本质不是这次的修法，而是1. 香港人普遍的对大陆政府不信任，不信任的原因主要是大陆政府的腐败和不诚信问题，香港人收到西方国家影响很深且对自己的身份认同问题。2 香港回归后因为大量资本的流入导致其表面繁荣，主要是金融和服务方面，但是这类产业根本无法满足以劳动力者和无法适应或者说没有能力适应社会变化的那些年轻人，导致年轻人真实收入还不如香港70，80年代的普通人。房价高，消费高，购买力降低，生活压力大，所以弱势群体和无力适应市场竞争的年轻世代不断积累怨恨，从而导致其对港府和大陆政府的愤怒。这在全世界都是普遍存在的现象，主要就是全球化，社会分工。每个地方追求利益最大化而导致产业变化，而很多人又跟不上这种变化。
结果，随着大陆各地经济不断增长，香港可替代性越来越强，上海的金融，深圳的创新产业以及腹地的工业支持。香港这代人可能会越来越艰难，要不在香港生活不下去，背井离乡，要不就努力适应产业变革。
美国也是这样，五大湖区工业萧条，所以那里老百姓也是越来越艰难。全球化就是这样，人会随着产业流动，而那些人没有能力又不愿离开，就只能被抛弃。这个大家都无法改变，只能适应
"
704,,,,"
中国人民过的挺好现行制服非常适合大陆！事实已经验证了。
"
705,,,,"
支持洋狗咬土狗，狗要有狗权，狗的自由世界万岁
"
706,,,,"
可能我们对自由的定义不同，为啥非要我们共产主义认同西方资本主义的自由？我们一样可以自由公平公正，我们只要过得比资本主义好！
"
707,,,,"
香港人扑街！
"
708,,,,"
BBC是西方反中急先锋媒体，厚颜无耻的程度令人咂舌
"
709,,,,"
香港要追求的是发展，是公平，特别是公平。追求所谓的自由是走了歪路，最终目的是公平发展
"
710,,,,"
引渡条约怎么影响自由了？
"
711,,,,"
大陆人怎么不知道，只是你们港人还不知道结局而已
"
712,,,,"
BBC你妈死了，我祝福英国赶快灭国。苏格兰独立万岁
"
713,,,,"
大妈只能代表TA自己，我们是都清楚的好吗
"
714,,,,"
思想的对立，很正常的社会运动，毕竟意识形态不一样，但是以为大陆人民不知道国际新闻，那你就不是意识形态的问题了，你是眼瞎了。
"
715,,,,"
bbc食屎！
"
716,,,,"
被英国殖民的时候怎么没见你们那么反抗，所以说老外养狗真有一套，挺忠心的
"
717,,,,"
打不过你就和你说你不懂自由，打得过你他就是奴隶主的二狗子。
"
718,,,,"
我想说：当你用“中国”和香港做区别的时候，就注定了，大陆人不会支持你们。大陆人很多人讨厌政府，但是提到统一还是分裂的时候，对大陆人来说，没商量，独立是绝对不允许的。  第一个镜头的大陆大妈，看了看宣传纸，念到：中国？然后就把纸条还回去，就是最好的证明：因为中国代表大陆 香港 澳门 台湾，美国人会认可：美国和加州？英国人会认可：英国和苏格兰？这种称呼？。。要民主 自由，大陆人还能有些支持同情，但到了统一 分裂这个主题，就是没有讨论空间的！
"
719,,,,"
要人权吗？回你的大英帝国就好了。中国怎么可能会给你人权呢？你们这是痴心妄想，不自量力🌚
"
720,,,,"
大陆人很忙，忙着建设国家。没那么多时间去像你们一样去游行
"
721,,,,"
不好意思，全世界都知道了，知道你们有多暴力，多文盲，自己香港的历史和政治都没学好，内地比你们有文化多了。BBC以偏概全，没什么好说的。
"
722,,,,"
我是中國澳門人，讀的是歷史和國際政治，民主確實是好東西，但是不適合中國，如果在中國大陸推廣西方民主，很多人一定會利用民主搞事情為自己謀利，到時候分裂是必然的，如果中國大陸不想分裂成幾個國家，那麽西方民主的口子一定不能隨便開，個人自私民主和統一集權強國，我選擇後者。
"
723,,,,"
市侩的异类们，好一次“拿来主义”。
"
724,,,,"
还向大陆宣传，傻叉吧，大陆人民看着呢，践踏法律的自由是真的自由吗？
"
725,,,,"
BBC。。。。im from Malaysia, once the colony of British. your divide and rule policy has hurt Malaysia unity untill today. Dont ever tried to be democratic country, you never implied democracy in Malaya history. what you did was........ you came ,you saw, you conquered.
"
726,,,,"
大陆人对香港没有任何兴趣！香港越来越好！
"
727,,,,"
撑香港！
"
728,,,,"
Yuh
"
729,,,,"
一个到处抗议的人，再问一个悠闲购物的人不要自由么？
"
730,,,,"
狗屁自由也不是反国家，你妈傻B
"
731,,,,"
自由就是游行反对将罪犯合理的处置,自由就是冲击立法会,自由就是向警察投射砖头,自由就是妨碍别人的生产生活的自由,如果这就是你们香港人信仰的自由,我无可反驳
"
732,,,,"
BBC only produce fake news, even now he would like to try its best to make people to believe China is a devil country in 2019! even North Korea has been changed its policy to open their market.


All Chinese please don't bother BBC 中文, let's reduce its traffic. Those who believe it, let them to believe in BBC. Never mind, BBC and UK is no more important as it in the past.


China and our friends should build a new better world that human will not be divided by politics any more
"
733,,,,"
加油，香港人不要向暴力政權，野蠻政府低頭。
"
734,,,,"
这是什么人啊，非常不要脸啊，他一定是有什么问题，怎么就跑到滚香港去的？
"
735,,,,"
真她妈是惯着这些人呢，这就是你们要的自由，民主，我大陆人民没你生活的好
"
736,,,,"
都9102年了，中国都第二大经济体了，想在这个社会上混，对中国还误解那么深？怎么玩啊？
"
737,,,,"
老外可能很难理解中国老百姓，我们自己骂共产党可以，你们骂不可以。😆😂但就是事实，我们也骂，但你们骂不行。我们骂他们得听着。你们骂，就是欺负我们。🤣
"
738,,,,"
没有暴政，只有一群傻逼，现在看到这群傻逼感觉真特么的膈应人！
"
739,,,,"
“你们大陆独裁国家的居民都他妈给我闭嘴！我们在讨论言论自由！”
""you shut up! we are talking about freedom!""
"
740,,,,"
要我们跟你们这些要饭的疯狗聊自由？
"
741,,,,"
[ 请 勿 对 牛 弹 琴 ]

人与人用沟通这方法是没错的,
但是!沟通的前题是:双方绝对需要具备诚信和态度作为筹码,并且各自放下身段用心顷听对方诉求
当这人信用不良,无诚信筹码,那跟流氓和无赖说话有什么两样?
一党独大时候
再多的沟通也是浪费自己时间,也只能依靠推翻手段和殖民手段,
及制裁手段来改变现况改变共产国家
"
742,,,,"
给你讲个笑话，自由攻击立法会
"
743,,,,"
这个说普通话的，该不是没上过学吧，说的这是什么……完全没有正面回答问题，完全是在抹黑内地年轻人好么
"
744,,,,"
香港是中国一部分，不喜欢中国的你们离开啊
"
745,,,,"
香港变成中国最乱的城市了吧，没看到多少精英，傻X 倒不少，可惜了
"
746,,,,"
条例内容怎么不说下
"
747,,,,"
血液都是非洲來的
全世界都是非洲人
"
748,,,,"
BBC＝bb china
"
749,,,,"
我支持香港人民，这才是民主自由人权！希望你们能坚持住！我是大陆人当然也希望这个国家民主自由，但是威权政府会让你反抗吗？其实大陆普通人都是没办法，如果香港人以大陆人的角色在大陆土地这样游行的话，什么后果你是知道的！所以也不要说大陆人不懂人权自由民主，其实都懂装作不懂而已，我也来过香港问路什么的都挺有礼貌的。
"
750,,,,"
垃圾BBC胡乱报道带节奏，你怎么不报道所有香港人的心声，搞乱中国不得好死
"
751,,,,"
危害国家安全的人，我们不会理你们的，纵使你们有万般理由，不行！因为你们实在无脑无大局观
"
752,,,,"
我关注的是明天要还花呗了！我想要自由，不要花呗的捆绑！
"
753,,,,"
我生活在广东，基本三两个月就会去一次香港，每次经过波鞋街，都有宣传中共如何残忍歹毒的对待法轮功的信徒。以为我们蒙在鼓里希望我们内地了解真相，可是发生在我们身边的事我们怎么可能不会知道呢，法轮功信徒当时在那一年杀了多少无辜，伤了多少无辜你们了解过吗？我去过香港，你来过内地吗？
"
754,,,,"
天呐！作为中国人咱说句实话:  闹革命大陆人是你们祖宗
"
755,,,,"
怕你们打她
"
756,,,,"
弹丸之地，只是不关心而已。你是不是太自信了？
"
757,,,,"
想和大陆人谈，就不要张口闭口中国人、香港人，在很多大陆人看来，这是一条底线，想要谈就在同一个认知（中国人）下进行…
"
758,,,,"
中共應該對自己有點自信，依照中國崛起的速度，再20年就可以抗衡美國、睥睨歐洲了，中國強則香港人自然嚮往，不必急於一時，現今就專注打好貿易戰，不屈於美而能自立，穩定維持國力成長，也讓世人見識見識共產黨治國的本領，不是很好嗎？
現在掀起港人的反感，只會多一塊燙手山芋，被美國拿來當籌碼罷了。中共要多一點自信，共產黨這麼好，遲早港人會認清事實，投奔祖國的，不是嗎？
"
759,,,,"
要自由没错，但是什么东西都不是一蹴而就的。是否目前的行为对争取自由有多大的帮助，另外假如争取到了所谓的自由，是否又会失去另外一些东西，比如和平。我也不能评判你们的作为是否是对的，只是希望大家都能冷静思考。
"
760,,,,"
hhhhhhhhhh自封救世主，所谓盛世出闲人
"
761,,,,"
所谓的自由就是打着殖民国英国的旗帜，在墙上乱涂乱画，甚至把 支那 这两个字也喷上嘛？？这样的人有什么资格用中国字？
香港这么闹下去是没有看到叙利亚的前车之鉴吗？问问现在叙利亚家园尽毁的民众，所谓的自由重要不？
"
762,,,,"
普通市民通過遊行的方式追求自己的合法權益，肯定支持……
但是，一些香港西和暴徒站在中國香港特別行政區的土地上，打著民主和人權的口號，毆打大陸遊客，衝擊立法會，侮辱國旗國歌，撕毀基本法，辱罵大陸人的暴徒行為，不可原諒……
大陸年輕人是講理的，知道的也不比你們少，是非對錯我們心裡清楚……
"
763,,,,"
我想知道反对的东西内容是什么。
"
764,,,,"
bbc please stop to make faked news
"
765,,,,"
不妥协，不放纵，祝祖国越来越好，想跪着的人就不要在扶他起来了，扶不起来的，没有血性
"
766,,,,"
中國大陸人說話都不會對自己的國家負責任的。香港人不要指望大陸人能幫你們了。
"
767,,,,"
香港人游行拿英国国旗让中国政府给你们民主，可笑
"
768,,,,"
香港人赶快到台湾杀人放火
"
769,,,,"
我们没有假睡，我们很清醒，我们也知道我们的不足，但我们也懂得追求，追求民主文明，但我们懂得循序渐进，我们也看清民主自由的高贵，但我们也看清利用民主自由的谎子对第三世界(由其是中东地区伊斯兰)做着极不民主的事！不是民主自由吗？为什么我们选择自己的生活方式不想用西方的模式就不行呢！为什么自由民主会选出特朗普呢？因为这个世界上80%的人都是不聪明的人，所以世界80%的人会被20%的人所统治。所以80%的人跟本就看不清形势。
"
770,,,,"
感谢你们为我们考虑，可惜我们看你们就像看笑话。一个个如同巨婴，喊着民主喊着自由，撕去这块遮羞布，你们还能说什么?爸爸妈妈把你当宝贝养大，你现在要跟着流氓阿飞去混社会，还说爸妈脑子僵化，管东管西，不给你自由。行啊，叛逆去吧，祝你幸福
"
771,,,,"
我叫娜娜  剛來香港  有沒一起教游行的加我whatapp96157937
"
772,,,,"
那个女的为什么不敢露面呢，听声音就知道是大纪元的记者。
"
773,,,,"
我来驳一驳吧。
香港的自由有没有受到损害呢？香港回归大陆折磨多年，政治议题，经济议题向内陆看就不自由了吗？
大陆人不自由吗？香港人总觉的大陆人似乎是睡着的，不自由的。但是大陆人才是最广泛的中国人，是一个大到14亿的超大型社会。大陆人也可以出国，也可以谋求自我的发展。自由一定是我要在网络上无所顾忌的宣扬个人观点吗？不，我们可以和朋友，家人讨论我们关心的社会议题，国家大事，我们可以监督国家政策是否利民，我们可以对暴露出来的腐败与犯罪发起滔天的声讨。。。
大陆人是怯懦的，畏惧权势？其实是你们的自我幻想，大陆安定的根本原因是大陆社会，展现出了很大的包容，社会的发展兼顾了近90%人的诉求。
所以请不要自恋。香港人有一部分游离在外太久了，但只是一个很小的，而且没有被社会接纳的族群。。
"
774,,,,"
不愧是bbc……屁股歪到哪里去了
"
775,,,,"
一群傻逼，是汉族吗？还是美国英国的人民
"
776,,,,"
你这个bbc 中文频道除了香港人就是台湾人，你了解mainland吗，你也是港独吧。你了解的很全面？可我看你发出来的东西不太客观全面
"
777,,,,"
地区经济下行的时候就会有学潮工潮文潮运动，54，64无一不在此背景下产生的，饱暖思淫欲，贫贱期换天，亘古不变的道理，其实扯开遮羞布之后都是利己之心，有些没有自主意识的会去相信什么主意，什么民主。跟着陈胜吴广的人肯定有忧国忧民之辈。
"
778,,,,"
Hk not.  China.  Feedom.  Fot.   Hk
"
779,,,,"
为什么97前不要自由民主？封建，不好意思，我能评论就知道我很自由！再说，你反对的理由根本站不住脚，只是收钱办事而已，别说的那么高尚
"
780,,,,"
香港人可能很少人会读中国的历史，我们不说远的，就单纯这种和政府直接对立，且没有武装力量的行为怎么可能会让事情朝好的方向发展，你特首都不是民选直接出的，政府不一定完全按照民意来行事。港民很多受了西方教育却没有去思考更深层次的东西。而且这个时候愚蠢的拉拢英国势力，更让事情复杂和停滞。就等于民众没有公主命反而得了公主病。如果香港这个运动胜利，大陆的统治就会出问题，无论如何，香港不能乱，也不允许出普选。反修例已经成功，还要游行只会让你自己受伤啊
"
781,,,,"
三观是正的，思想碰撞会产生更好的未来，政府应该是为人民服务的，人民群众应该是得到政府的保护，只是并不希望最终被演变成恶劣事件，冲突本就不应该发生，爱国是希望国家变得更好，是希望政府让国家变得更好，没有贫穷、充满自由才是大家想要的吧。示威游行不反感，反感的是那种被人恶意引导的冲突不断的发生，那种当局者米，被当棋子指挥的感觉，太明显了。
"
782,,,,"
靓坤：B哥你比共产党还凶哦！
"
783,,,,"
唔喺我哋唔知道，而系冇兴趣追睇呢滴暴力闹剧。采访完大陆游客，应该都采访下噶啲等开市、开铺噶香港人，佢哋点样睇呢件事！呢啲不事生产、食饱等屎屙嘅废青识条铁咩，净喺识上街打人。
"
784,,,,"
我们大陆人知道你们臭港的事件，我们为啥要加入你们沙雕阵营呢？我们有美好的生活，和朋友聊天打游戏，学习，吃美食，旅游，健身，购物。大陆如此美好为啥要理你们？你们就像猴子一样跳啊跳。不过我们都懒的看。
"
785,,,,"
我是大陆的，我觉得基本自由人权还是得有。我们是没有办法只能忍，最多就移民，现在年轻人受到高等教育就越知道这个民主自由，中国权贵人群其实绝大部分是政治经济，有关系就好办。新闻，医疗，教育，网络都是限制的。😳
"
786,,,,"
此去西洋，深知中国自强之计，舍此无所他求；背负国家之未来，取尽洋人之科学，赴七万里长途，别祖国父母之邦，奋然无悔！
"
787,,,,"
管我们屁事，不是你们这些黄丝骂大陆人的时候了？
"
788,,,,"
香港人二十多万支持一个中国你们bbc怎么不报道呢？怎么集体眼瞎了
"
789,,,,"
刘銮雄澳门洗钱贿赂然后跑回香港一点事没有，请问香港人这没问题吗？杀了人诈骗完跑到香港就重生了这样好吗？
"
790,,,,"
傻逼 我们可以满世界的潇洒 满世界的居住 一个国家住几年 一辈子都不够  傻逼 废青井底之蛙
"
791,,,,"
让我想到文革时期，红卫兵逼迫穆斯林吃猪肉，因为红卫兵说猪肉好吃。
"
792,,,,"
自由？我可自由了～
自由不是说你可以随意拿着枪到处打就叫自由，说什么选举权自由什么的东西，所以你们尽管看你们选了什么东西，而现在发生了什么事～
说封锁消息什么的，说实在，中国有34个省级行政区域，差不多14亿人，每天有多少新闻啊。退一万步说，我现在不就是挂着每个月20rmb的VPN来看现在这场闹剧。我觉得我可自由了，别拿VPN说事，你在家上网不用给网费？
"
793,,,,"
别给内地人操心了，挺自由的。呵呵
"
794,,,,"
对付bbc哩啲唔讲理只抹黑嘅媒体，叫佢食屎就得啦，道理都唔使讲
"
795,,,,"
去你妈的，我们很自由，
"
796,,,,"
如果是我被采访，我可能会问：
我有一个朋友不幸被人抢劫并杀害了，朋友一家人悲愤欲绝，但是凶手跑到了香港用抢来的钱租了个房子开始了新生活。
你对我和我朋友一家人有什么话想说么？
"
797,,,,"
自由的定义是什么？是无法无天么？
"
798,,,,"
香港只是個落後地區, 北上廣深都比她發達. 反正沒利用價值, 就讓她獨立吧. 為什麼統治者硬要像幾百年前一樣盲目追求""統一""呢? 統一是為了百姓的福祉嗎?
"
799,,,,"
自由不是你生来就有的权利，是你的祖先用鲜血换来的。 不要把自由说的这么廉价！我觉得你们香港人还没有准备好怎么使用自由。
"
800,,,,"
香港离开大陆是个啥？大概10年后和大陆二线城市同一档 要军事没军事 要地位没地位 连水粮食都难解决 吃着爸妈的饭 花着爸妈的钱却举着英国国旗？你们可能自己都没意识到当你们举起别人的国旗的时候 自己已经成了卖国贼
"
801,,,,"
中國大陸從來不會讓自己的國民知道政府整天在幹些什麼，只會無限地美化他們的所作所為
"
802,,,,"
就这些港独啊，台独啊，藏独啊，纯属一群奴隶狗，被西方美国这些国家控制，知道为什么现在这么多人反华？还不是中国越来越强大？危及到这些所谓强国了？我身为一名中国人我越来越自豪，我在北京生活，生活质量也越来越高。共产党有好有坏，任何事不可能十全十美，但我却知道老板姓的生活是越来越好。
"
803,,,,"
自由？若今天的香港可以叫自由的话，中共领导下的中国曾经在文革时自由了十年。我们还是聊稳定吧
"
804,,,,"
什么叫自由？杀人不犯法叫自由？
"
805,,,,"
1986年底，针对学潮事件，邓小平同中央几位领导同志谈话，严肃指出：学生闹事“凡是闹得起来的地方，都是因为那里的领导旗帜不鲜明，态度不坚决。这也不是一个两个地方的问题，也不是一年两年的问题
"
806,,,,"
接受150年的自由教育，但是港督却是委派的。挥舞着对中国人象征耻辱的港英殖民旗，但是期待我们理解他们的自由。
"
807,,,,"
该示威就示威，该革命就革命，但是你举着英国旗干什么？？？
"
808,,,,"
香港人总说大陆人不了解他们，可是，香港人又何曾尝试过去了解大陆的情况？总是自以为是的幻想着大陆人民困苦的生活，带着自我优越感将自己拘于一方天地。明眼人都能看出，这条法律就是针对罪犯而言的，和普通市民没有一点关系，而事情能发展到这种地步，背后没有舆论引导，没有人操纵，谁信呢，当然也有可能就是不想上班。
"
809,,,,"
垃圾bbc。采访的大陆人也是特意挑一些对政治没什么关心的人，话都说不好的人。有偏向性的报道是一个媒体该做的吗？
"
810,,,,"
讲真，我们家就我翻墙出来看了一下香港的魔幻大戏。我们班好像也就我关心一下。
不过，自由这东西，仁者见仁，智者见智。西方的民主自由只不过是给少数人的。也不代表适合全世界。港人，你聊自由。这让我想到，美国是把中东哪个国家搞得乌烟瘴气，昔日安居乐业的城市只剩下断壁残垣，讽刺的是他们请来了安吉丽娜朱莉到现场说“虽然他们失去了家园。但是他们获得了自由”是啊，家园被你们毁了，亲人被你们杀了，但是获得了自由，哈哈哈哈。这就是西方的民主自由，虚伪丑恶。
"
811,,,,"
全是公知的言论啊。哎没点进步。
"
812,,,,"
很替香港担心。游行的都是年轻人。大陆的年轻人都在加班奋斗，你们都在游行。试想20年后，想可能不再是明珠了。对比台湾就知道。
"
813,,,,"
香港一部分人对政府要求太高了。要政府听暴力的话。在任何国家都不可能。特区政府给的自由太低端了
"
814,,,,"
你发传单，人家不想看这也是人家自由，人家不看你传单，港独就在那酸，还说人家不要自由，麻木。甚至有些视频港独发传单，有些香港市民不接，这些港独就会辱骂他港猪。
"
815,,,,"
这个婊子怎么不敢漏逼脸出来！傻逼
"
816,,,,"
中国海外人士加起来比香港700多万人还多吧，海外人士和港内人士反对你们这样子做的心声你们又不听？
"
817,,,,"
我是大陸人,如果這次沒有在立法會上把“中華民族共和國”幾個字噴漆，沒有破壞門窗玻璃，沒有掛港英旗，而是和平的進行抗議和示威，那我是支持香港人的民主和自由的。但很可惜，暴徒這麼做了。那麼抱歉，雖然我不喜歡中共，但我愛我的國家，身為中國人我自豪。
"
818,,,,"
这些人总是生活在自己的世界里，作为一个大陆人，我想说的是你们省省吧，我过得很好哈，很自由，也很快乐。如果你如果觉得香港很自由，很民主，那么我祝福你，那就去享受你们的自由民主吧，不用操我们的心。如果你们觉得香港不自由不民主，那么更没有必要跟我们炫耀你们根本不拥有的东西，我希望我的生活能少一些负能量的东西，请你离我远点！
"
819,,,,"
没有大陆支持，你的生活狗都不如。
"
820,,,,"
1.当你们挂出港英旗的时候，当你走去美国使馆，走去英国使馆要求接管香港的时候，我很难跟你站一边。
2.如果你杀人犯法时，香港不该成为逃犯的天堂。
3.如果你正当行使你的言论自由而被审判，所有人，不管是大陆同胞还是海外华人都会站你这边。问题是你信吗？
"
821,,,,"
你们香港人闹你们的，不要拉内地人后腿。
"
822,,,,"
内地看香港人游行，傻逼行为，学会什么是真民主再说吧，看看欧美游行像你这样会有什么下场？傻逼玩意，内地人现在看不起你们。
"
823,,,,"
所以就是你们的打，砸？我是大陆人，怎么知道的？
"
824,,,,"
轮子台巴子，港独都混在里面都tm散了吧！已经凉了
"
825,,,,"
不听你说就不要自由？我能不能有好好购物不听你讲话的自由？你比中共自由在哪里？
"
826,,,,"
香港人在国外可以kill another 香港人 for free，这个freedom 确实比不了。。。
"
827,,,,"
原來自由就是可以肆無忌憚的攻擊別人
"
828,,,,"
为什么大陆客人要去HK购物？是中国假货多？还是
"
829,,,,"
2:30 ""要對政府有敬畏之心""? 你首先要搞清楚因果關係好不好!政府的權力是人民授予的,並不是與生俱來!
"
830,,,,"
内地人已经习惯了，习惯了这种没有话语权的生活，大多数人选择过自己的小日子，赚钱生活是一辈子唯一的追求。平台和起点不一样的，香港人追求精神人文层次的提高以及社会的福利和回馈，内地人还在为生计奔波，永远不可能站在一起，所以大多数内地人是愚钝的，认为自己平时生活的很自由并没有受约束，其实是因为不懂什么才是自由，当这些人有一天真的碰到了比自己有钱有势的人欺负到头上，自己又根本没有任何话语权和反抗的能力，想申冤却上天无路下地无门的时候就会知晓了。Fight for freedom
"
831,,,,"
香港人活得真他妈累，你要自由，你去深山老林，艹山羊也没人管你。
"
832,,,,"
逃犯条例有限制你自由？有好好看看里面到底写了什么嘛？问了一个大陆人不知道就说大部分大陆人不知道？香港年轻人都是煞笔吧
"
833,,,,"
这些新闻大陆内地怎么不知道，怕中国人民指责港人？还是怕……？
"
834,,,,"
这是没遇上我 我超想和香港废青battle
"
835,,,,"
港獨的暴行讓我想起了當年追星時，粉絲們一有不滿意的想法就開始在微博或者各個平台上和經紀公司鬧，經紀公司不理會就是不尊重粉絲意願，然後越鬧越凶也不會管對自家偶像的影響，只是滿足自己的愚蠢的想法。講道理，這種行為也就是中小學生才能做出來的，所以港獨智商不言而喻。
"
836,,,,"
有个不明白的事情，请香港的大家解释一下！ 如果你是一个守法的公民 不犯罪 那这个逃犯条例也跟自己没关系的吧。为什么要这么反对呢。而且不仅是反对条例，更是反对中央。我看到有No China的标语。难道说还是想回归英国的怀抱吗。虚心请教，请不要引战！！
"
837,,,,"
聊聊你妈怎么被英国人骑了一辈子，生下你们一堆傻逼吧。
"
838,,,,"
聊聊自由强奸？ 自由杀人？ 自由暴徒？ 要是这样你们可以
"
839,,,,"
Ridiculous, does  democracy means violence and nongovernment?
"
840,,,,"
凡事政府要做事，你就反对，政府就会瘫痪。政府做错事，你可以抗争。送中条例，本事有利的事情。但被人利用了，他们会说即将改变每个香港人的生活。然后就上街了。发生了坏事。你上街也不迟啊。政府做事有试错的机会。否则
"
841,,,,"
晚点聊自由，我先看看怎么垃圾分类
"
842,,,,"
给制作视频的工作人员加鸡腿！

用着悲伤的BGM从而突出香港被中国打压得很惨

四分钟的视频，有十几秒的内容

香港人拼命地喊加油，没有暴力，没有暴民

殴打陆客，将香港警察手指压断

冲进立法院涂鸦香港区旗，挂上当年被人按在地上操的殖民旗

暴力游行不报道？我去你妈的
————————————————————————
英国给了香港自由？

嘻嘻

被殖民时，选举和你有关？游行你有权利？
————————————————————
法国暴力游行被武力镇压

英国门口天天有警卫守着，不让抗议者进去

美国的爱国教育从娃娃抓起，国歌响起，手放在胸口胖

港独、BBC什么时候去报道？谴责？

这可是赤裸裸对人权的侵犯！居然武力镇压！

你们居然不给抗议者侮辱，暴力抗议的机会
——————————————————
民主就是打人自由，侮辱自己的国家的自由

民主就是鼓励台湾杀人，香港避难的自由

民主就是边喊我们要人权、边殴打他人
—————————
真尼玛脑残

同样的事，发生在西方早被打死了

然而发生在香港，却跑来

以自由民主人权的名义去煽风点火

傻逼玩意
——————
视频制作者辛苦了！
能睁眼说瞎话，的确得给你鸡腿
"
843,,,,"
自由游行半年！
自由袭警半年！
人权驱逐解放军！
学生每天600港元！_cf_
"
844,,,,"
BBC 在中国人之间制造仇狠，去投诉BBC
"
845,,,,"
这些港儿，真是愚蠢透顶。
西方传教士一样。不过是把自己的意识形态升级了下。实际上接受这套思想的国家，很多都惨不忍睹
"
846,,,,"
数你们不知道大陆发生什么事情
"
847,,,,"
笑死了，港人懂什么是真正的“自由”吗
"
848,,,,"
不知道的大概是没看CCTV
"
849,,,,"
我们更加深层次理解，大陆人应该对香港人多一些支持和理解。在香港人内心中我承认自己是中国人，但是会感觉很无助，这个事情可以理解为同是一家人，我被人欺负了，你却不帮我，还装作没有看见，那么我怎么认同我跟你是一家人（中国人）
"
850,,,,"
低智人士還要懇求別人聊自由，不如聊聊香港在英治時期是如何民主自由罷
"
851,,,,"
殖民时代你们有自由么，一群奴隶
"
852,,,,"
你这脑子还发传单？追求自由把立法会都砸了，当然了，立法会不是你家，你当然不关心。等香港暴徒把政府机关砸完了，下一个目标就是你家！
"
853,,,,"
香港人，我支持你们，古今中外凡变法没有不流血者，我觉得你们可以武装发生暴动，就像当年黄花岗七十二烈士，这样才能推翻政府，建立民主自由的国家政府。
"
854,,,,"
佢地话俾共产党统治无自由，系啊！我地大陆人好似系朝鲜甘噶啊，日日背毛泽东思想、邓小平理论，帮我地洗脑，唔听话个D，政府就俾免息贷款、俾钱我地去开店创业，企图用金钱麻痹我地，其实我内心都有一颗热血的心，无奈政府总是用物质来满足我们，惨惨惨，好羡慕你们上街和政府抗争，又有借口不用返工，我地就日日做到只狗，除左有钱，乜激情都无，你地一定要坚持落去
"
855,,,,"
你这些BBC的人，狗粮领够了吗？
"
856,,,,"
在香港这个社会阶层固化的社会。无脑的屌丝只能通过这种狂欢来幻想自己是个乱世英雄。
"
857,,,,"
香港人拿反送中来说自由，什么自由？告诉我香港现在有什么自由！
"
858,,,,"
真操心，别担心我们大陆人，你们继续闹，继续脑残，然后把东方明珠葬送。也送你们一句话“睡着的人你是唤不醒的”。 一群脑残连独立思考能力都没有还要自由，就是一群暴徒。
"
859,,,,"
并不是不知道，是因为你们所谓的民主自由，我们真的没兴趣！我问了一部分大陆人，他们的见解是，吃饱了撑的！所谓的民主自由是在法律框架内的自由，好好工作学习，提升自己，多赚点钱，真的喜欢民主自由就移民，没能力就闭嘴！不要打着民主自由的幌子去危害国家危害社会！
"
860,,,,"
香港太自由，都自由到可以吓死我们这些大陆人了
"
861,,,,"
一国两制 港人治港 请不要和大陆人民对话 !
"
862,,,,"
香港加油~
"
863,,,,"
请bbc和你背后的英国收起殖民者上等人的傲慢吧，你们统治香港的时候，香港人何曾有半点自由可言，管好你国自己的事，手伸的别太长了！
"
864,,,,"
波多黎各人民抗议示威，被警察镇压你们怎么不说呢？怕你的美国爸爸啊？BBC=假新闻制造者
"
865,,,,"
假民主假自由！民主的极致是专制，你们不懂吗？没有无条件的自由！
"
866,,,,"
“你要自由有什么用？”
"
867,,,,"
香港加油
"
868,,,,"
香港人会说中国的繁荣都是靠香港 呵呵 香港只不过就是大陆的一枚棋子罢了 不管怎么闹 大陆想收拾香港50年前到现在。就跟踩一之蚂蚁罢了 又利用价值就会用用你。没利用价值抛弃你。未来30年后只能去其他城市去要饭
"
869,,,,"
去你他妈的自由!早死早超生,香港这些废紫吃太饱了!干它大爷垃圾太多
"
870,,,,"
人家是去购物的 为什么要知道你们发生什么事情？那是自由吗？嗯？一群傻逼在闹腾 谁理你们啊
"
871,,,,"
香港一些人早已不知祖国为何物！可悲！
"
872,,,,"
不守法 說為 抗衡權威  不敬畏之心
大陸人有自己想法 說為 不愛自由 別人籠中鳥

典型自大無知的思法
"
873,,,,"
我就好奇为什么英统的时候香港人咋跟个狗一样活着怎么不追求自由？
"
874,,,,"
普通老百姓过日子！就是希望安居乐业！难道非要可以反政府才是自由？在中国大陆普通人…你想说什么都可以啊…专制只是针对那些有影响力，反政府的人！
"
875,,,,"
那人不要装啦，扯牛逼，操你妈，90年代的时候，香港人那么牛逼，现在怎么样？社会是很公平的，不努力就是完蛋，只是过时候你们的机会比较好，现在一样转转脑子吧！
"
876,,,,"
评论区真就被⑤毛攻陷了呗
"
877,,,,"
我是香港人但我不會說我不是中國人。其實我們支持反送中不是我們不愛國而是不愛黨。我們不會因你是大陸人而歧視你。說真的，大陸有很多好人和善良的人。但我們會歧視的原因是因為有些大媽的行為令我哋憤怒，和一些一開頭就話香港人的大陸人。所以我希望兩個地方嘅人可以和平一些。各自退讓一步，對彼此了解更多。
香港人現在所做的所有事都有佢哋嘅原因。
大陸人反對香港人所做的事也有他們的原因。
所以各有原因就不要傷和氣了。
但是我是反送中的其一，希望你地會諒解我。每個人也有自己的立場
"
878,,,,"
有一些内地过去的新港独，那就是垃圾根本不值得去废话
"
879,,,,"
我是大陆人，我不觉得在大陆不自由不民主，香港人的的祖辈绝大部分来自中国，你们说着广东话，写着中国字，不承认自己是中国人，打砸政府机关，还标榜自己是文明人，，，一群地痞流氓，请你们滚出中国的领土
"
880,,,,"
在香港真的很没有自由，没有自由爱国，没有自由表达对罪犯遣返条例的支持，没有自由支持法制香港，我对香港绝望了。
"
881,,,,"
傻嗨，没人知道？？都系睇傻仔演戏咋，我们大陆的，个个吃发生，饮啤酒睇戏咋，傻仔~~
"
882,,,,"
99%的人只会为了买相对内地便宜的商品，因为0关税，而不是他们所谓的“自由”
"
883,,,,"
不如来谈谈发展吧。一个几百万人口的小地方居然来教一个十几亿人口该怎么弄？你是德云社的吗？
"
884,,,,"
我请问下，这位大姐，是谁和你说大陆不知道？这位大姐你知道什么叫暴政吗？你口口声声说你作为一个中国人，所以你现在去支持港独？
"
885,,,,"
一群香港loser，自己没本事没能力，头脑简单容易被洗脑被煽动，香港仔已经开始成为傻逼和土包子的代名词了。
"
886,,,,"
别有用心的媒体，赶紧死了吧……我是大陆的你们就是当管了英狗不想做人了。引渡咋了哪个国家没有引渡，你们自由到影响了其他做生意的人,他们的自由你们怎么不保障，还不是为了自己的利益。大陆就是对你们太好了……
"
887,,,,"
自由民主好，只要不是按自己的要求来，就可以随便推翻政府，打压不信西方民主人士的自由。中国早试过了，红卫兵比你们自由多了。
"
888,,,,"
不清楚香港人再幹嘛？
你在大陸罵罵習維尼你看會怎樣？
你談談政治發表自由言論會如何？

....

太多了 你們到底在幹嘛
"
889,,,,"
到底什么是自由？香港人来定义一下？
"
890,,,,"
14亿大陆人说香港人好的真心不多，连自己是不是中国人都不承认算什么？杂种吗？
"
891,,,,"
大陆人是务实的，你们发传单我们都懒得看，发港币我还会看你一眼。
"
892,,,,"
同大陆游客讲自由，就鸡同鸭讲，他们根本就不知道自由为何物。大陆人只知道追逐权力和金钱，其它的都是浮云。
"
893,,,,"
BBC  傻逼玩意，唱什么白脸。你骨子里是什么东西，你还有逼脸指手画脚？
"
894,,,,"
垃圾!講到班暴徒好正義咁。
為民主自由? 查實你知唔知條條例修咩?唔知唔好係度柒PLS!!!!
根本無俾政府解釋機會,然後將責任推俾政府。
人地修例係針對重犯, 關普通市民乜柒事? 
用民主自由黎換不斷O既紛爭同內亂?  埃及,敍利亞,烏克蘭有版你睇.
警察唔係人? 憑咩你地打警就得? 係咁抹黑警察, 睇到火都黎。
我完全見唔到民主有咩好,仲慘過黑社會。 如果呢D 叫民主,SOR~我情願唔要
"
895,,,,"
真的觉得香港人好蠢，有得吃有得住，那么多个国家免签，还有什么自由没有。这么多天我大致也了解了一下，香港人就是怪政府没有给他们每人一套好房子，每人天天不用工作还有高薪。
"
896,,,,"
我在大陆很开心啊，二十年前香港对于我们来说是遥望不可及的超级金融都市，现在香港对于我们来说，哦，海豚表演还可以（然而大家更愿意去横琴看），港式还不错。你们现在跟我们扯自由扯民主，瞧瞧你们自己在干什么？我是不舍得把我的家乡变成叙利亚，这样的民主自由你们自己享受好了。
"
897,,,,"
BBC怎么不关心自家事儿？都后院起火了，还在外面带风向？？报道下英国脱欧呗，伦敦游行啥的，我对这些感兴趣
"
898,,,,"
誰罵大陸人蝗蟲的？現在你想聊？聊你媽
"
899,,,,"
那个女孩 你想和我们聊聊自由为什么连镜头你都不敢面对，全程为什么把头挡着呢？心机婊
"
900,,,,"
如果你真的觉得生活需要有意义，那么盲目，自大，激进甚至是愚蠢是否就是你说的意义呢？好笑的很。外面明码标价搞破坏多少钱，喊口号多少钱，参与游行给多少钱为什么不去报道。气人。这样的暴乱苦的还是自己的民众，反而使其他人获利。
"
901,,,,"
BBC, stick with your brexit and focus on getting into recession. a media should be less bias in reporting
"
902,,,,"
加油💪香港！！！
"
903,,,,"
垃圾媒体
"
904,,,,"
大陆政从来没有禁止我们讨论此事，我们大部分也都知道，国内各大网站关于此事的评论比你油管脸书加起来还多，BBC你瞎jb带节奏迟早要遭天谴的，那些游行的sb香港青年也是
"
905,,,,"
bbc就報導遊行，怎麼不報導毆打警察？破壞立法會大樓？還向警察投擲水管，咬斷警察手指？
"
906,,,,"
我希望正义的人能站出来，不要理会贱民，你救不了他，也不需要救他，让他吗做鸡放纵。你看到这条评论，恳求你赶快离开香港，你懂的。心存正义的人能看懂。
"
907,,,,"
香港这群脑残把自由视为异想天开的天堂必备条件，这让我想起来琼瑶的台词：“你只是失去了两条腿，而紫菱失去的可是爱情啊”，哈哈哈哈，香港的脑残似乎也是这个逻辑。
"
908,,,,"
懂得什么是人权，吓逼逼啥，你们打老人，打妇女，惊吓小孩，这就是自由？这就是人权？
"
909,,,,"
不如更名为 洋狗运动
"
910,,,,"
条例都是针对犯罪的人，有什么问题吗？
"
911,,,,"
我觉得应该对等原则，香港和大陆人平等，那么来大陆，香港人一年只能来大陆2次，每次不超过20天，犯罪了逃亡大陆，大陆没有义务配合香港调查遣返犯罪分子之类，大家平等相待就好
"
912,,,,"
你們的房租自由了嗎？你們的人生自由了嗎？你們天天被上層階級所剝削你們反抗了嗎。高利貸逼你們女兒做雞的時候也沒看你們說自由，為弱勢發聲，現在修改條例懲治罪犯，你們反抗了，你們在搞笑嗎，用蛀蟲用偽善形容你們是一點不為過。
"
913,,,,"
十年代，我们刚支员工可以拿到一万块钱，大陆的非常显现，现在我一个月的花费就要两三万，你们能比吗？能不能不落后吗？看不懂不自卑吗？他能老实吗？
"
914,,,,"
说实话，翻墙之前我对中共真没什么感觉！但我发现我看得越多就越爱共产党，因为他们根本不知道在国内的生活有多好，一群港独狗屎一天天在外面闹，唯恐天下不乱！
"
915,,,,"
香港人可能不太理解，香港人对自由的这种理解以及作为，我们大陆人是坚决不要的。
"
916,,,,"
香港人疯了，被反共媒体骗得很离谱，这样还不是暴力？失去理性！！！
"
917,,,,"
香港同胞，希望我这个叫法你能接受，你们和平示威的方式和权利我都尊重和支持，但请不要暴力违法袭击执法人员。任何暴力违法行为都是不可接受的，不论你目的多高尚，但违法就是违法，违法要受到惩罚。香港是一个法制文明的地方，我相信法院和警方。
"
918,,,,"
谈尼玛呢呼吁爱尔兰自由革命军自由解放伦敦
"
919,,,,"
你们反政府只有洋鬼子开心,垃圾一堆,你们比内地人聪明多少?无知
"
920,,,,"
里面那些人说大陆人被政府欺压没有自由不敢反抗，哈哈哈哈哈哈哈，真的是笑死了。井底之蛙听过吗？  我们过得非常好，我们非常尊重政府给我们带来的生活和经济。我在日本也呆了几年，去过几趟香港，我真的想说，还是我大中华最好。我们才是真正的自由，随便说什么没人管你，社会安全稳定，人民幸福，我们村搬迁分几套房，每个月有政府补贴生活费，大家都非常幸福快乐。但在“民主自由”的香港，三天两头占街头砸政府，社会混乱，人民连基本的住房都是问题，可悲！
"
921,,,,"
我知道香港暴乱呀 打警察呀 联名墙呀 但是关我屁事 香港的税又不交中央政府 不是大陆不知道 是大陆人不屑于管 你欧美爸爸G20提都没提 又能掀起多大暴动 反正祸害的是你们香港 跟内地毛关系没有 大不了以后去深圳广州上海咯
"
922,,,,"
人家凭什么要听你叫自由，你是哪根葱，你算老几，每个人有自己想要的生活方式，你强行推行民主给别人，你也是侵犯人权，霸权主义思想。
"
923,,,,"
香蕉人以為大陸都封鎖消息，呵呵，是大陸人懶得理你們的破事罷了，個個要生活要工作，能上個youtube就自由了？你們繼續鬧，反正你們閑，繼續住狗籠爭取自由去吧
"
924,,,,"
自由地打砸抢、只准媒体报道有利与你们的画面？抱歉，这样的自由，大陆不需要。
"
925,,,,"
不是我们不知道，而是我们不关心，你们死不死与我们无关！
"
926,,,,"
这些人這些人也就只剩下這點本事了，趕緊死絕吧，別影響哪些在香港正常生活的人們。尤其那個港獨女死拉拉，早點去死吧⋯⋯看在你師傅梅艷芳的份上送你一個全屍⋯⋯
"
927,,,,"
敬畏之心。。。。。
"
928,,,,"
想革命？准备好牺牲再来搞。咁锡身，点会成功啊？得把口，你估你系包龙星咩，愚蠢至极。
"
929,,,,"
咬警察的手指，扔砖头打警察，就是人权自由，还跟内地人说要他们返送中，知道了就要给你们这帮孙子送终了，一群婊子。
"
930,,,,"
我们大陆人感觉香港那些人就是脑子装了屎，你们的政策和人权比我们大陆好多少倍
"
931,,,,"
我才不关心你们香港，你们乱不乱跟我们一点关系都没有，你们有你们的独立经济和法律，再乱都是你们香港吃亏，对我们一点影响也没有，我们生活比你们富裕和安稳，你们的乱我们只当一个笑话
"
932,,,,"
您知道香港历史吗？你知道95年发生了什么吗？
"
933,,,,"
需要我们的时候我们是中国人，不需要的时候就是那啥人了。😂😂😂😂
"
934,,,,"
香港独派会沦为三等公民，祖国人民看不起，英国人民不认同，自己特别拧巴，终其一生为一个假的民主自由津津乐道，到老年，你的墓碑上刻着，祖国的罪人，人生失意的人，被蛊惑没独立思考的人，炮灰，对社会没有贡献的人，仅仅承认你作为一个生物人，在世界存在过几十年。。。。
"
935,,,,"
政府如果不尊重你们，就学美国人拿枪扫射暴民啦。无脑废青，还要靠父母养。我们大陆青年都是自己去努力。是你们太懒好吗，一点智商都没有，别代表我们大陆青年。
"
936,,,,"
为啥你们老是喜欢YY自己是救世主？我们大陆人知道的事情多着去了，不说而已，非要我们说也就四个字MDZZ。
"
937,,,,"
我们一点都不知道？呵呵，只是普通民众，日子过的好好的，懒得搭理脑残
"
938,,,,"
没有饭吃，你就会知道自由跟米饭哪个珍贵！大陆要是有你们这样一群坑货，国家早就分裂了！800万人口的香港在国际上能有话语权吗？别他妈的天真了。不要享受了中国的庇护又想要西方的民主。如果你们那么喜欢西方就移民过去。把香港留给爱香港的人。但是请不要破坏香港，不要搞乱香港！一个翻墙来的大陆人的一点意见！我们有墙，但我们允许翻墙，我们不像你们说的那样闭塞，你们真的也该翻墙到大陆看看大陆的发展在发表你们的意见！
"
939,,,,"
不是我们不知道，是我们不敢知道，我们和你们不一样的。
"
940,,,,"
明显是煽动的，为什么要在国内宣传？你们港灿的心思以为我们还不知道吗？你们所谓的自由就是没有法制？
"
941,,,,"
中国人要民主？？你等着吃屎吧
"
942,,,,"
港独占街，砸烂议会，骚扰游客，表面上看是发泄对政府的不满，深层上则是香港年青一代缺乏基本教育的后遗症。 中华传统文化被否定。 不懂尊老爱幼，于是冲撞大陆游客，恐吓小孩。不懂亲疏远近，于是认贼作父，朝拜英国国旗。不懂感恩回报，吃着大陆的供给，跟着洋人骂祖国。这就是香港年轻一代的素质。对这样的人渣，难道还有同情？
"
943,,,,"
民主就系冲击立法会！砸烂政府滴野，然后用纳税人的税埋单，原本的福利冇晒。民主就系咬断公仆的手指，打伤佢地，然后话和平示威。所谓民主只不过系大话连篇！你地口口声声话为左香港，但其余600万的人就不用生活！政治本来就没有绝对的对于错，你凭什么拿其他人的生活换自己的自由！口口声声话自由，我连去中环，上水，沙田的自由都没有。凭什么你们追求自由要搭上其余人的生活！你去自由，冇人左你，但你左人地!!!!!!
"
944,,,,"
说得再多，打出港英旗你们就没有任何借口了。不在乎香港，也不会去香港，你们闹吧。
"
945,,,,"
陆客明显是看到你传单上把香港人同中国人区分开来，才拒绝与你对话的。你连以沉默表达抗议的自由都不给人家还利用媒体嘲笑人家的“不自由”，你是不是暴政？
"
946,,,,"
香港还不自由吗 呵呵 拿着英国旗说自己是中国人 还有那个加拿大人在联合国发言代表香港
"
947,,,,"
0:59 口裏説「愛」，身體就是誠實。
"
948,,,,"
大陆人不知道？可以这样说，内地人至少三层人知道，而且有很大一部分是时刻关注的，可是为什么不支持你们？！你们不反思吗？
"
949,,,,"
唤醒你马币。给你自由你能干什么？台湾？跟小丑一样，政客天天就是互相攻击，美国？这样伪君子言而无信。英国澳洲？ 狗一样~
"
950,,,,"
条例内容你地清楚吗？条例内容是针对罪犯的。你们又不是罪犯，你反对什么？天天说自由自由。自由美利坚，天天枪响遍？
"
951,,,,"
谈谈自由，说的好比英国给过自由一样
"
952,,,,"
主体是一群看不到希望的屁民在瞎闹泄愤，闹完以后还是屁民。
"
953,,,,"
为什么老说大陆没有人权？香港人懂人权？
"
954,,,,"
多特么的想找存在感，有句话是，自己作死关我毛事，看看都搞成什么样子了。。
"
955,,,,"
美国人年年批评中国人权状况不好，中国政府统统辩驳说美国人此举带有政治目的，我就纳闷了，第一，美国人权状况比中国好，这恐怕是全世界人民都认同的事实。第二，既然人权状况没别人的好，为什么几十年了，却压根不去改善它？宁可双方年年互骂？我是看出来了，中国政府是压根没想过要改善国内人权状况，其用意在哪里，我看不清楚。
"
956,,,,"
是香港人还是炎黄子孙中国人,这都已经不是重点,
重点是大陆和香港人民内心要的是自由民主
不是一党独大为所欲为的专制体系
"
957,,,,"
太讽刺了吧。你看这个视频是怎么暴力对待大陆游客的。https://www.youtube.com/watch?v=9sbAEcPuxpI
"
958,,,,"
，人追求自由是合理的但是现有国家体质决定你怎么追求你的自由的方法，你们游行中打出的标语按现有的基本法和反国家分裂法来说都是违法行为，所以你们追求自由要不就真正和平游行，要不就拿去枪杆子推翻现有政权和体质
"
959,,,,"
连基本的稳定都没有谈什么民主？谈什么亚洲金融中心。被上海取代只是分分钟的问题。香港弹丸之地，这么点人口，如此畸形的产业结构，失去了金融，贸易，你们在大陆算得上三四线县城吗？
"
960,,,,"
香港独立 太愚昧了 看看香港地理位置 大陆断水断电 你还能生活吗？生活都不能生活 还怎么搞对抗？无知愚昧
"
961,,,,"
bbc滚出中国
"
962,,,,"
有胆子去地产商家门口抗议去吧。他们才是让香港年轻人痛苦的原因。
"
963,,,,"
香港抗议有香港人的自由，独裁有独裁的自由，希望做到互不干涉，我希望香港人看到就移民吧，又不是没钱，你看地是中国的了，再抗议也没用。别人看中的是你的地，不是你的人。希望各方理解，和平友爱点。
"
964,,,,"
這些講話的人，你們以為只有你們知道自由，大陸人都不知道？你們在香港的安全是中國在保護，國民平均所得如此高，是內地人給的，如果覺得當中國人很丟臉，請立刻離開香港。
"
965,,,,"
bbc的嘴脸真是够了 什么对自由麻木 拜托大家都在努力赚钱追求美好生活需要唧唧歪歪追求这么虚无缥缈的东西吗
"
966,,,,"
我们大陆人哪里没有自由了？
"
967,,,,"
香港人，加油
"
968,,,,"
香港GDP才多少？要科技沒科技 要軍事沒軍事 靠著大陸游客增收 還想脫離大陸？還想搞獨立跪舔美國？大陸人都有自由 根本不需要叫喊自由，還認爲大陸人麻木不仁不追求自由？中國人不團結了 各自獨立了 才是你們認爲的自由嗎？
"
969,,,,"
香港人大部分人还是对内地不太了解，作为世界第二经济大体，开放是中国的政策。每年都国外留学的学生也不少，

有一次我到手机店，修手机，我问店里的老板，我说你喜欢政治吗？

他说不喜欢，有空还不如多看财经新闻，多多学习充实自己。


这样的行为最终受害的还是普通老百姓，香港人思维还停留在97后。。教育问题还是执着坚持西方自由理念问题。也许生活会给你答案
"
970,,,,"
我只能说是小题大做，这些搞事的香港人就是打着自由的旗号做些犯法的事，双标🐶，有本事你们就绝食抗议或者坐下来用证据说服我们，暴力冲击算什么东西
"
971,,,,"
放屁，内地人民不知道。只是不想理你们的无理取闹。和平游行都可以。我看到的是你们的暴力。
"
972,,,,"
我跟全中國同胞一樣擁有同一個夢想，就是移民。
"
973,,,,"
港独的弟弟们，下次上街前麻烦先制作一下你们的“国旗”好吗，举个英国国旗你们这也叫要独立？
"
974,,,,"
我们很自由 。虽然挂VPN 来YOUTUBE  但是 感觉都一样。 你们不自由吗 2B
"
975,,,,"
停停停我杀了你那也是我的自由我买通警察也是我的只有你不能抓我也是我的自由反正你们就是一群低等下贱的玩意而已，妈的自由呵呵，
"
976,,,,"
你不是中国人吗？为什么你要说中国话？还有告诉您在内地很多人都知道。但是我们不想去评价了。已经无救了。工作不干 ，学习不去学习。社会秩序都没有何谈自由？民主？悲哀
"
977,,,,"
我看到的自由：何俊谦吼喊大陆客辱骂老弱妇幼！

我看到的自由：一大陆游客街道拍照被剥光上衣钱包被偷手机被抢被香港歹徒按在地上又打又踹近半小时而张超雄议员竟然审查受害人的手机！
"
978,,,,"
er 别人突然砸烂你家 对你破口大骂 然后去别的地方杀了人 这一切都不犯法都是因为自由民主 ？？？
"
979,,,,"
香港150年前是殖民地啊。竟然有人高兴自己被殖民还以此为荣。你们的祖先知道了都要从棺材里跳出来了。当年反抗英国政府而被印度人枪杀的香港人都白死了
"
980,,,,"
说实话，我不看youtube之前我是完全不知道这件事情的……
"
981,,,,"
瞎几把闹，自不量力
"
982,,,,"
这么闲都不用上班？内地的青年都在拼命改变自己的生活而努力，香港人是真的闲！所以中国在朝着越来越好的方向发展。香港就慢慢看着吧！
"
983,,,,"
后生仔粗言爛語，學人講自由：自認賓州為大塞。
"
984,,,,"
以后你们就叫BB台
"
985,,,,"
香港人说的自由太狭隘太无政府主义了，希望你们成熟点清醒点，看看到底是谁在引导。
"
986,,,,"
。。想独立有没有想过资源问题 如果成功了 没中国的支持也是很惨的 
游客 货物 中国占数量啊 没了他普通平民是真的惨啊 现在世界各地都有中国制造 而且中国没有很暴力的直接像以前的年代直接战力占领算好了 zz
"
987,,,,"
醒醒，房子买了么？有种去搞李嘉诚啊。对政府当然不能有敬畏之心，但是对资本家要有啊。政府是狗，但是资本家可是爹啊。
"
988,,,,"
bbc fake news
"
989,,,,"
可以的，一会儿骂我们蝗虫让我们滚回，一会儿又挂个英国国旗要我们理解你们支持你们，智商堪忧。
"
990,,,,"
我很奇怪 
當世界各國的人都追求民主 自由
大陸人卻反其道而行之
"
991,,,,"
香港接受了150年的西方教育，嗯，也许是对的，但是香港人在接受西方教育的时候有人权吗？港英时代香港人有民主的权利吗？能上街游行吗？在香港政府的高层里有香港人吗？港人勤劳能吃苦也是由于那个时候英国殖民带来的压力所养成的，各位港独再看看现在的香港年轻一代，还有那些优秀的品质吗？除了会上街做一些无脑举动还能做些什么？无脑年轻人根本没有自己的思考，只会被人利用，这是现在香港人的悲哀。
"
992,,,,"
談你麻辣隔壁哦。垃圾香港
"
993,,,,"
那为什么殴打大陆游客
"
994,,,,"
笼子里的金丝雀 有吃有喝还有漂亮的笼子 麻雀说出来看看吧 自由伟大 但是外面的鸟不知道 金丝雀已经没有在外面生存的能力了
"
995,,,,"
笼子里的金丝雀 有吃有喝还有漂亮的笼子 麻雀说出来看看吧 自由伟大 但是外面的鸟不知道 金丝雀已经没有在外面生存的能力了
"
996,,,,"
作为一个普通的老白姓吃得饱 穿得暖是最重要的事情 民主 自由是个东西 但是问题是中国地广 人多要像西方哪样模式 不会乱吗 西藏 新疆早就独立出去了吧？ 每个国家国情都不一样盲目跟从是真的好吗 中国是有不好的地方 客观理性的说能发展到现在已经不错了 美国打贸易站也要掂量 掂量
"
997,,,,"
突然很想笑 😂
"
998,,,,"
中国人很自由啊。中国人都支持逃犯条例，逃犯条例内容完全没问题
"
999,,,,"
yes. we know. 
Hk is not alone.
Freedom means all.
"
1000,,,,"
我是住香港隔壁深圳的，我表示，中国网上对这事的报道有很多，大都是警察和你们反水客和反送中的冲突，网民（注意这句话，是网民。）说你们英国人做狗做久了想继续做狗。而你们反什么为什么反我看到的新闻里倒是没怎么介绍...当然我自己认为你们反水客和反送中的理由很荒唐。
"
1001,,,,"
BBC的新闻 我就看个热闹
"
1002,,,,"
睇返連登而家d post，好無聊，個個開post都想人聽佢講，聽佢做指揮，小學雞，一盤散沙，可以不理，叫佢地出黎社會做幾年野先玩戰略啦（幾年都未必得，重係傻仔傻女1名），打機咩，可以冇限復活。。。。？！
另外，明天咩中銀㩒錢活動，更加無聊，個銀行體系咁而俾你地打殘？！咁呢D銀行要唔要都罷，真心覺得呢班人智障
"
1003,,,,"
怎么回事儿大家都明白，别扯几把犊子，能干点啥干点啥
"
1004,,,,"
挣钱就没有意义了？挣不到钱的才会这么说。
"
1005,,,,"
沒聽過新加坡華人說我是中國人
"
1006,,,,"
如果中国搞民主 搞的像香港一样 都变暴民 真不敢想象 中国到时候会乱成什么样
"
1007,,,,"
One day, the new generation in China will realize that their life worth nothing when they don't have freedom. 
If they never would, they not worth anyway
"
1008,,,,"
連儂牆  去到邊衰到邊，這班搞屎棍真是神憎鬼厭！東網直播：大埔「連儂隧道」又爆衝突 : 【on.cc東網專訊】收看直播，請按下面連結：https://tv.on.cc/newslive/
政府修訂《逃犯條例》一事加劇社會撕裂，各區湧現「連儂牆」但衝突持續不斷。港鐵東鐵線大埔墟站外被稱為「連儂隧道」的一條行人隧道，在黃昏時間又有市民爆發口角罵戰。
"
1009,,,,"
中國沒自由？
請說明自由定義！
"
1010,,,,"
想找个港人或者台湾人理智的聊一聊
"
1011,,,,"
咩也是自由啊?你滴知不知啊？
"
1012,,,,"
打警察 冲击立法会都算自由？
"
1013,,,,"
兩派中國人在美國爆打給蔡英文看，真可笑，中共又在騙中國人的政權，騙世界的媒體
"
1014,,,,"
没有暴力。
啧啧啧，这样，算是撒谎么？
还有那些表达自己观点的傻叉，请不要拉上我，去说什么我不敢发声。街上的傻叉叫春，我要跟着一起么？
"
1015,,,,"
对的，没有暴力，冲击立法会是狗杂种，不是人。
因为大家说没有暴力
"
1016,,,,"
我们去日本购物是不是也要了解他们天皇是怎么生活的？！！自由我觉得挺自由的呀 我希望住在一个做错事一定会有惩罚的国家
"
1017,,,,"
人民不该跟政府打，政府也不应该跟人民打，应该互相制衡，互相提升，互相服务。

好吧我是一双情愿，又做白日梦了，但愿以后美梦成真
"
1018,,,,"
主要我们大陆人还是太羡慕香港人享受的那么多特权了，嫉妒啊，我们那么苦，为何你们那么舒服，不公平
"
1019,,,,"
我现在住在英国，平平淡淡 才是真，如果香港能从此回复荣光那才不枉流血牺牲。如果一蹶不振，只能是港人的误判。但是，香港是很好的试验田，应该不会被抛下。 加油啦
"
